{
  "hpo": {
    "r2_scores": [
      -0.23973476886749268,
      -0.44087648391723633,
      0.4484092593193054,
      0.2582820653915405,
      0.25561952590942383
    ],
    "mean_r2": 0.056339919567108154,
    "std_r2": 0.3373709329398136,
    "pearson_corr_scores": [
      0.20240338146686554,
      0.18225158751010895,
      0.7147188782691956,
      0.5401081442832947,
      0.5267190337181091
    ],
    "pearson_r2_scores": [
      0.04096712917089462,
      0.03321564197540283,
      0.5108230710029602,
      0.2917168140411377,
      0.27743294835090637
    ],
    "pearson_p_values": [
      0.00032777056912891567,
      0.0012458161218091846,
      0.0,
      7.134371745157322e-25,
      1.5826619729748797e-23
    ],
    "mean_pearson_corr": 0.43324023485183716,
    "std_pearson_corr": 0.2076873779296875,
    "mean_pearson_r2": 0.230831116437912,
    "std_pearson_r2": 0.17853543162345886,
    "mean_pearson_p": 0.0003147173556499183,
    "std_pearson_p": 0.0004825466312468052,
    "spearman_corr_scores": [
      0.07787416658247776,
      0.02374674342486532,
      0.06809309917154105,
      0.09614381462339226,
      0.1265870867150025
    ],
    "spearman_rank_scores": [
      0.006064385820915495,
      0.0005639078232863844,
      0.004636670154785324,
      0.009243633090337216,
      0.01602429052299156
    ],
    "spearman_p_values": [
      0.17072531254151066,
      0.6765680358637293,
      0.23191226662185296,
      0.09105381447123355,
      0.02582954723486603
    ],
    "mean_spearman_corr": 0.07848898210345578,
    "std_spearman_corr": 0.03385346615675557,
    "mean_spearman_rank": 0.007306577482463194,
    "std_spearman_rank": 0.005174664133645481,
    "mean_spearman_p": 0.2392177953466385,
    "std_spearman_p": 0.22956782592174158,
    "fold_best_params": [
      {
        "hidden_dim": 48,
        "n_layers": 7,
        "dropout": 0.5701428718878457,
        "learning_rate": 0.003328234216342948,
        "weight_decay": 6.728346734827484e-05,
        "batch_size": 32,
        "epochs": 208,
        "patience": 18
      },
      {
        "hidden_dim": 57,
        "n_layers": 7,
        "dropout": 0.28904169138598435,
        "learning_rate": 0.0008920231282042694,
        "weight_decay": 4.543934346814744e-05,
        "batch_size": 50,
        "epochs": 122,
        "patience": 17
      },
      {
        "hidden_dim": 41,
        "n_layers": 7,
        "dropout": 0.2880594593345497,
        "learning_rate": 0.0044224166016176856,
        "weight_decay": 9.017439796658579e-05,
        "batch_size": 16,
        "epochs": 430,
        "patience": 15
      },
      {
        "hidden_dim": 41,
        "n_layers": 5,
        "dropout": 0.44000727402784856,
        "learning_rate": 0.003320276705853139,
        "weight_decay": 3.667965512394684e-05,
        "batch_size": 24,
        "epochs": 319,
        "patience": 18
      },
      {
        "hidden_dim": 83,
        "n_layers": 5,
        "dropout": 0.5763591521029925,
        "learning_rate": 0.001925971564875458,
        "weight_decay": 2.2058772838433377e-05,
        "batch_size": 16,
        "epochs": 307,
        "patience": 19
      }
    ],
    "search_space": {
      "hidden_dim": [
        32,
        128
      ],
      "n_layers": [
        1,
        8
      ],
      "dropout": [
        0.1,
        0.8
      ],
      "learning_rate": [
        "1e-6",
        "1e-2"
      ],
      "weight_decay": [
        0.0,
        0.0001
      ],
      "batch_size": [
        16,
        64
      ],
      "epochs": [
        20,
        500
      ],
      "patience": [
        5,
        20
      ]
    }
  },
  "experiment": "residual_dnn_SCZ_p0.0001_low_0.8_0.6",
  "config": {
    "construct_gwas_mri": {
      "run": false
    },
    "plink2": {
      "prepare": false
    },
    "sampling": {
      "run": false
    },
    "data": {
      "illness": [
        "SCZ"
      ],
      "p_clump": [
        0.0001
      ],
      "distribution": [
        "low"
      ],
      "target": "Z",
      "test_size": 0.2,
      "n_splits": 10,
      "save_splits": true,
      "polars": true,
      "chunk_size": 10000,
      "row_ratio": [
        0.2,
        0.4,
        0.6,
        0.8,
        1.0
      ],
      "col_ratio": [
        0.2,
        0.4,
        0.6,
        0.8,
        1.0
      ],
      "top_rows": true,
      "top_cols": true,
      "mri_p_value": 0.05
    },
    "experiment": {
      "run": false
    },
    "model": {
      "name": "residual_dnn",
      "output_dim": 1,
      "dropout": 0.4,
      "learning_rate": 1e-05,
      "epochs": 300,
      "batch_size": 32,
      "patience": 20
    },
    "hpo": {
      "run": true,
      "n_trials": 30,
      "outer_cv": 5,
      "inner_cv": 5,
      "search_space": {
        "hidden_dim": [
          32,
          128
        ],
        "n_layers": [
          1,
          8
        ],
        "dropout": [
          0.1,
          0.8
        ],
        "learning_rate": [
          "1e-6",
          "1e-2"
        ],
        "weight_decay": [
          0.0,
          0.0001
        ],
        "batch_size": [
          16,
          64
        ],
        "epochs": [
          20,
          500
        ],
        "patience": [
          5,
          20
        ]
      }
    },
    "evaluation": {
      "metrics": [
        "r2",
        "mse"
      ],
      "binary_threshold": null
    }
  },
  "timestamp": "20260422_011003"
}