{
  "hpo": {
    "r2_scores": [
      -0.1787642240524292,
      -0.2891249656677246,
      -0.3121671676635742,
      -0.19327068328857422,
      -0.17788660526275635
    ],
    "mean_r2": -0.23024272918701172,
    "std_r2": 0.058201140493722395,
    "pearson_r2_scores": [
      0.04791402444243431,
      0.03154461085796356,
      0.021663304418325424,
      0.03948134928941727,
      0.052879199385643005
    ],
    "pearson_p_values": [
      5.24047645555914e-11,
      2.2052230974622944e-07,
      2.857710569514893e-05,
      2.152190425874778e-09,
      3.708693768755822e-11
    ],
    "mean_pearson_r2": 0.03869650140404701,
    "std_pearson_r2": 0.011207202449440956,
    "mean_pearson_p": 5.759973646490835e-06,
    "std_pearson_p": 1.1408882528485265e-05,
    "spearman_rank_scores": [
      0.04085005446891845,
      0.02328587672549534,
      0.013724090287952113,
      0.022968718506069623,
      0.035863634474258624
    ],
    "spearman_p_values": [
      1.4512655585838754e-09,
      8.906913908366993e-06,
      0.0008876331255575135,
      5.459303048177396e-06,
      5.830429687144804e-08
    ],
    "mean_spearman_rank": 0.027338474892538833,
    "std_spearman_rank": 0.009758185481787566,
    "mean_spearman_p": 0.00018041181961529757,
    "std_spearman_p": 0.00035362680407715903,
    "fold_best_params": [],
    "search_space": null
  },
  "experiment": "linear_regression_SCZ_p0.001_low_1.0_1.0",
  "config": {
    "construct_gwas_mri": {
      "run": false
    },
    "plink2": {
      "prepare": false
    },
    "sampling": {
      "run": false
    },
    "data": {
      "illness": [
        "SCZ"
      ],
      "p_clump": [
        0.001
      ],
      "distribution": [
        "low"
      ],
      "target": "Z",
      "test_size": 0.2,
      "n_splits": 10,
      "save_splits": true,
      "polars": true,
      "chunk_size": 10000,
      "row_ratio": [
        1.0
      ],
      "col_ratio": [
        1.0
      ],
      "top_rows": true,
      "top_cols": true,
      "mri_p_value": 0.05
    },
    "experiment": {
      "run": false
    },
    "model": {
      "name": "linear_regression"
    },
    "hpo": {
      "run": true,
      "outer_cv": 5
    },
    "evaluation": {
      "metrics": [
        "r2",
        "mse",
        "pearson_r2"
      ],
      "binary_threshold": null
    }
  },
  "timestamp": "20260427_144641"
}