{
  "hpo": {
    "r2_scores": [
      -0.18387150764465332,
      0.08307075500488281,
      0.44476574659347534,
      0.13083916902542114,
      0.20235568284988403
    ],
    "mean_r2": 0.135431969165802,
    "std_r2": 0.2024271079552946,
    "pearson_corr_scores": [
      0.21472083032131195,
      0.4406040608882904,
      0.6960585713386536,
      0.42415210604667664,
      0.4637393653392792
    ],
    "pearson_r2_scores": [
      0.0461050346493721,
      0.19413194060325623,
      0.4844975471496582,
      0.1799050122499466,
      0.2150541990995407
    ],
    "pearson_p_values": [
      1.943807365023531e-05,
      7.39139062444578e-20,
      0.0,
      2.2473064152654514e-18,
      4.386826968723714e-22
    ],
    "mean_pearson_corr": 0.44785499572753906,
    "std_pearson_corr": 0.1528550088405609,
    "mean_pearson_r2": 0.2239387482404709,
    "std_pearson_r2": 0.1431237757205963,
    "mean_pearson_p": 3.887614639097592e-06,
    "std_pearson_p": 7.775229278195184e-06,
    "spearman_corr_scores": [
      0.10637998694572805,
      0.1170458935607636,
      0.1766282618716548,
      0.07797037545130903,
      0.11027483707687886
    ],
    "spearman_rank_scores": [
      0.01131670162257327,
      0.013699741199437602,
      0.03119754289180187,
      0.006079379448018093,
      0.012160539692332177
    ],
    "spearman_p_values": [
      0.03596313853733683,
      0.021108980491337484,
      0.00047322997272430836,
      0.12522217539555955,
      0.029872144183695076
    ],
    "mean_spearman_corr": 0.11765987098126687,
    "std_spearman_corr": 0.032356386255331986,
    "mean_spearman_rank": 0.014890780970832601,
    "std_spearman_rank": 0.008546322220779617,
    "mean_spearman_p": 0.04252793371613065,
    "std_spearman_p": 0.043055714639420796,
    "fold_best_params": [
      {
        "hidden_dim": 66,
        "n_layers": 3,
        "dropout": 0.5916529524754279,
        "learning_rate": 0.002992799092191386,
        "weight_decay": 6.180896933791393e-05,
        "batch_size": 34,
        "epochs": 277,
        "patience": 17
      },
      {
        "hidden_dim": 46,
        "n_layers": 5,
        "dropout": 0.22245451527949367,
        "learning_rate": 0.003685706787606497,
        "weight_decay": 9.981155499584668e-06,
        "batch_size": 25,
        "epochs": 383,
        "patience": 14
      },
      {
        "hidden_dim": 41,
        "n_layers": 5,
        "dropout": 0.3709238899677609,
        "learning_rate": 0.003662379910001782,
        "weight_decay": 1.0954042754672035e-05,
        "batch_size": 24,
        "epochs": 348,
        "patience": 18
      },
      {
        "hidden_dim": 86,
        "n_layers": 7,
        "dropout": 0.46581160681158307,
        "learning_rate": 0.0028414841156118964,
        "weight_decay": 3.3227292192741796e-05,
        "batch_size": 24,
        "epochs": 271,
        "patience": 19
      },
      {
        "hidden_dim": 47,
        "n_layers": 3,
        "dropout": 0.715166092489096,
        "learning_rate": 0.005088376492497694,
        "weight_decay": 1.844285130718353e-05,
        "batch_size": 35,
        "epochs": 261,
        "patience": 13
      }
    ],
    "search_space": {
      "hidden_dim": [
        32,
        128
      ],
      "n_layers": [
        1,
        8
      ],
      "dropout": [
        0.1,
        0.8
      ],
      "learning_rate": [
        "1e-6",
        "1e-2"
      ],
      "weight_decay": [
        0.0,
        0.0001
      ],
      "batch_size": [
        16,
        64
      ],
      "epochs": [
        20,
        500
      ],
      "patience": [
        5,
        20
      ]
    }
  },
  "experiment": "residual_dnn_SCZ_p0.0001_low_1.0_1.0",
  "config": {
    "construct_gwas_mri": {
      "run": false
    },
    "plink2": {
      "prepare": false
    },
    "sampling": {
      "run": false
    },
    "data": {
      "illness": [
        "SCZ"
      ],
      "p_clump": [
        0.0001
      ],
      "distribution": [
        "low"
      ],
      "target": "Z",
      "test_size": 0.2,
      "n_splits": 10,
      "save_splits": true,
      "polars": true,
      "chunk_size": 10000,
      "row_ratio": [
        0.2,
        0.4,
        0.6,
        0.8,
        1.0
      ],
      "col_ratio": [
        0.2,
        0.4,
        0.6,
        0.8,
        1.0
      ],
      "top_rows": true,
      "top_cols": true,
      "mri_p_value": 0.05
    },
    "experiment": {
      "run": false
    },
    "model": {
      "name": "residual_dnn",
      "output_dim": 1,
      "dropout": 0.4,
      "learning_rate": 1e-05,
      "epochs": 300,
      "batch_size": 32,
      "patience": 20
    },
    "hpo": {
      "run": true,
      "n_trials": 30,
      "outer_cv": 5,
      "inner_cv": 5,
      "search_space": {
        "hidden_dim": [
          32,
          128
        ],
        "n_layers": [
          1,
          8
        ],
        "dropout": [
          0.1,
          0.8
        ],
        "learning_rate": [
          "1e-6",
          "1e-2"
        ],
        "weight_decay": [
          0.0,
          0.0001
        ],
        "batch_size": [
          16,
          64
        ],
        "epochs": [
          20,
          500
        ],
        "patience": [
          5,
          20
        ]
      }
    },
    "evaluation": {
      "metrics": [
        "r2",
        "mse"
      ],
      "binary_threshold": null
    }
  },
  "timestamp": "20260422_095516"
}