{
  "hpo": {
    "r2_scores": [
      -0.0157545804977417,
      0.1682555079460144,
      0.2867949604988098,
      0.43281781673431396,
      0.46215730905532837
    ],
    "mean_r2": 0.26685420274734495,
    "std_r2": 0.17645072133865594,
    "pearson_corr_scores": [
      0.41176706552505493,
      0.4655923843383789,
      0.6351389288902283,
      0.6912506818771362,
      0.727287769317627
    ],
    "pearson_r2_scores": [
      0.16955211758613586,
      0.2167762666940689,
      0.4034014642238617,
      0.4778275191783905,
      0.5289474725723267
    ],
    "pearson_p_values": [
      9.271830947454873e-08,
      1.0316840715063336e-09,
      6.944618614131555e-19,
      2.393365490028375e-23,
      8.600428137423774e-27
    ],
    "mean_pearson_corr": 0.586207389831543,
    "std_pearson_corr": 0.1251474916934967,
    "mean_pearson_r2": 0.35930097103118896,
    "std_pearson_r2": 0.14219088852405548,
    "mean_pearson_p": 1.8749998886846697e-08,
    "std_pearson_p": 3.698631090287563e-08,
    "spearman_corr_scores": [
      0.05189739375069147,
      0.13280590377364573,
      0.1470095606084398,
      0.2812758562635659,
      0.31799999838881
    ],
    "spearman_rank_scores": [
      0.0026933394781143098,
      0.01763740807713485,
      0.02161181091028654,
      0.07911610731680217,
      0.10112399897528315
    ],
    "spearman_p_values": [
      0.51995233281426,
      0.09948781945608469,
      0.06794525343299772,
      0.0003920721817379785,
      5.525779800859931e-05
    ],
    "mean_spearman_corr": 0.18619774255703056,
    "std_spearman_corr": 0.09882779780097284,
    "mean_spearman_rank": 0.04443653295152421,
    "std_spearman_rank": 0.0384650410476918,
    "mean_spearman_p": 0.1375665471366178,
    "std_spearman_p": 0.1950600904345916,
    "fold_best_params": [
      {
        "hidden_dim": 52,
        "n_layers": 6,
        "dropout": 0.28429990531939897,
        "learning_rate": 0.004771923159384945,
        "weight_decay": 5.230944700823275e-05,
        "batch_size": 37,
        "epochs": 137,
        "patience": 18
      },
      {
        "hidden_dim": 43,
        "n_layers": 5,
        "dropout": 0.752471933988644,
        "learning_rate": 0.004683792453345177,
        "weight_decay": 8.016480445374521e-05,
        "batch_size": 23,
        "epochs": 411,
        "patience": 14
      },
      {
        "hidden_dim": 41,
        "n_layers": 7,
        "dropout": 0.2880594593345497,
        "learning_rate": 0.0044224166016176856,
        "weight_decay": 9.017439796658579e-05,
        "batch_size": 16,
        "epochs": 430,
        "patience": 15
      },
      {
        "hidden_dim": 48,
        "n_layers": 7,
        "dropout": 0.4527334918706261,
        "learning_rate": 0.005419281606027565,
        "weight_decay": 3.623176827406422e-05,
        "batch_size": 18,
        "epochs": 462,
        "patience": 19
      },
      {
        "hidden_dim": 97,
        "n_layers": 8,
        "dropout": 0.19448011364710877,
        "learning_rate": 0.0006905203703645861,
        "weight_decay": 1.1573849445435172e-05,
        "batch_size": 20,
        "epochs": 423,
        "patience": 18
      }
    ],
    "search_space": {
      "hidden_dim": [
        32,
        128
      ],
      "n_layers": [
        1,
        8
      ],
      "dropout": [
        0.1,
        0.8
      ],
      "learning_rate": [
        "1e-6",
        "1e-2"
      ],
      "weight_decay": [
        0.0,
        0.0001
      ],
      "batch_size": [
        16,
        64
      ],
      "epochs": [
        20,
        500
      ],
      "patience": [
        5,
        20
      ]
    }
  },
  "experiment": "residual_dnn_SCZ_p0.0001_low_0.4_0.6",
  "config": {
    "construct_gwas_mri": {
      "run": false
    },
    "plink2": {
      "prepare": false
    },
    "sampling": {
      "run": false
    },
    "data": {
      "illness": [
        "SCZ"
      ],
      "p_clump": [
        0.0001
      ],
      "distribution": [
        "low"
      ],
      "target": "Z",
      "test_size": 0.2,
      "n_splits": 10,
      "save_splits": true,
      "polars": true,
      "chunk_size": 10000,
      "row_ratio": [
        0.2,
        0.4,
        0.6,
        0.8,
        1.0
      ],
      "col_ratio": [
        0.2,
        0.4,
        0.6,
        0.8,
        1.0
      ],
      "top_rows": true,
      "top_cols": true,
      "mri_p_value": 0.05
    },
    "experiment": {
      "run": false
    },
    "model": {
      "name": "residual_dnn",
      "output_dim": 1,
      "dropout": 0.4,
      "learning_rate": 1e-05,
      "epochs": 300,
      "batch_size": 32,
      "patience": 20
    },
    "hpo": {
      "run": true,
      "n_trials": 30,
      "outer_cv": 5,
      "inner_cv": 5,
      "search_space": {
        "hidden_dim": [
          32,
          128
        ],
        "n_layers": [
          1,
          8
        ],
        "dropout": [
          0.1,
          0.8
        ],
        "learning_rate": [
          "1e-6",
          "1e-2"
        ],
        "weight_decay": [
          0.0,
          0.0001
        ],
        "batch_size": [
          16,
          64
        ],
        "epochs": [
          20,
          500
        ],
        "patience": [
          5,
          20
        ]
      }
    },
    "evaluation": {
      "metrics": [
        "r2",
        "mse"
      ],
      "binary_threshold": null
    }
  },
  "timestamp": "20260421_181101"
}