{
  "hpo": {
    "r2_scores": [
      0.5652173913043478,
      0.7,
      0.08,
      0.46808510638297873,
      0.5777777777777777
    ],
    "mean_r2": 0.4782160550930209,
    "std_r2": 0.2122962788183665,
    "accuracy_scores": [
      0.48717948717948717,
      0.5384615384615384,
      0.41025641025641024,
      0.358974358974359,
      0.5
    ],
    "precision_scores": [
      0.7222222222222222,
      0.65625,
      1.0,
      0.55,
      0.6842105263157895
    ],
    "recall_scores": [
      0.4642857142857143,
      0.75,
      0.041666666666666664,
      0.4074074074074074,
      0.5
    ],
    "f1_scores": [
      0.5652173913043478,
      0.7,
      0.08,
      0.46808510638297873,
      0.5777777777777777
    ],
    "balanced_accuracy_scores": [
      0.5048701298701299,
      0.375,
      0.5208333333333334,
      0.3287037037037037,
      0.5
    ],
    "mean_accuracy": 0.45897435897435895,
    "std_accuracy": 0.06506962841256164,
    "mean_precision": 0.7225365497076023,
    "std_precision": 0.15007845733222475,
    "mean_recall": 0.43267195767195776,
    "std_recall": 0.22792674982674174,
    "mean_f1": 0.4782160550930209,
    "std_f1": 0.2122962788183665,
    "mean_balanced_accuracy": 0.4458814333814334,
    "std_balanced_accuracy": 0.07846154574480048,
    "pearson_r2_scores": [
      0.04110810582111336,
      0.05499810825463811,
      0.03064174637693977,
      0.024024548696208056,
      0.008472480212687056
    ],
    "pearson_p_values": [
      0.21575630041138308,
      0.15070784221084207,
      0.28648553617996686,
      0.34609884145032244,
      0.5825767587470783
    ],
    "mean_pearson_r2": 0.03184899787231727,
    "std_pearson_r2": 0.015689190103214023,
    "mean_pearson_p": 0.31632505579991854,
    "std_pearson_p": 0.14846547111215935,
    "fold_best_params": [
      {
        "hidden_dim": 68,
        "n_layers": 8,
        "dropout": 0.6123957592679836,
        "learning_rate": 0.0002481040974867811,
        "weight_decay": 1.5601864044243653e-05,
        "batch_size": 23,
        "epochs": 22,
        "patience": 18
      },
      {
        "hidden_dim": 43,
        "n_layers": 5,
        "dropout": 0.1933736749301918,
        "learning_rate": 9.16977078566482e-06,
        "weight_decay": 3.271390558111398e-05,
        "batch_size": 58,
        "epochs": 47,
        "patience": 13
      },
      {
        "hidden_dim": 112,
        "n_layers": 1,
        "dropout": 0.6212483371756625,
        "learning_rate": 2.766962957045446e-05,
        "weight_decay": 3.5931083780807194e-05,
        "batch_size": 45,
        "epochs": 36,
        "patience": 11
      },
      {
        "hidden_dim": 43,
        "n_layers": 6,
        "dropout": 0.6993274340169372,
        "learning_rate": 0.0003984828954048989,
        "weight_decay": 9.907216847578001e-05,
        "batch_size": 39,
        "epochs": 45,
        "patience": 9
      },
      {
        "hidden_dim": 120,
        "n_layers": 4,
        "dropout": 0.4555540384926542,
        "learning_rate": 2.185907696335168e-06,
        "weight_decay": 4.2634979106553773e-05,
        "batch_size": 52,
        "epochs": 55,
        "patience": 10
      }
    ],
    "fold_label_distributions": [
      {
        "fold": 1,
        "train": {
          "counts": {
            "negative": 45,
            "positive": 94
          },
          "fractions": {
            "negative": 0.3237410071942446,
            "positive": 0.6762589928057554
          },
          "total": 139
        },
        "validation": {
          "counts": {
            "negative": 5,
            "positive": 11
          },
          "fractions": {
            "negative": 0.3125,
            "positive": 0.6875
          },
          "total": 16
        },
        "test": {
          "counts": {
            "negative": 11,
            "positive": 28
          },
          "fractions": {
            "negative": 0.28205128205128205,
            "positive": 0.717948717948718
          },
          "total": 39
        }
      },
      {
        "fold": 2,
        "train": {
          "counts": {
            "negative": 45,
            "positive": 94
          },
          "fractions": {
            "negative": 0.3237410071942446,
            "positive": 0.6762589928057554
          },
          "total": 139
        },
        "validation": {
          "counts": {
            "negative": 5,
            "positive": 11
          },
          "fractions": {
            "negative": 0.3125,
            "positive": 0.6875
          },
          "total": 16
        },
        "test": {
          "counts": {
            "negative": 11,
            "positive": 28
          },
          "fractions": {
            "negative": 0.28205128205128205,
            "positive": 0.717948717948718
          },
          "total": 39
        }
      },
      {
        "fold": 3,
        "train": {
          "counts": {
            "negative": 41,
            "positive": 98
          },
          "fractions": {
            "negative": 0.2949640287769784,
            "positive": 0.7050359712230215
          },
          "total": 139
        },
        "validation": {
          "counts": {
            "negative": 5,
            "positive": 11
          },
          "fractions": {
            "negative": 0.3125,
            "positive": 0.6875
          },
          "total": 16
        },
        "test": {
          "counts": {
            "negative": 15,
            "positive": 24
          },
          "fractions": {
            "negative": 0.38461538461538464,
            "positive": 0.6153846153846154
          },
          "total": 39
        }
      },
      {
        "fold": 4,
        "train": {
          "counts": {
            "negative": 44,
            "positive": 95
          },
          "fractions": {
            "negative": 0.31654676258992803,
            "positive": 0.6834532374100719
          },
          "total": 139
        },
        "validation": {
          "counts": {
            "negative": 5,
            "positive": 11
          },
          "fractions": {
            "negative": 0.3125,
            "positive": 0.6875
          },
          "total": 16
        },
        "test": {
          "counts": {
            "negative": 12,
            "positive": 27
          },
          "fractions": {
            "negative": 0.3076923076923077,
            "positive": 0.6923076923076923
          },
          "total": 39
        }
      },
      {
        "fold": 5,
        "train": {
          "counts": {
            "negative": 45,
            "positive": 95
          },
          "fractions": {
            "negative": 0.32142857142857145,
            "positive": 0.6785714285714286
          },
          "total": 140
        },
        "validation": {
          "counts": {
            "negative": 4,
            "positive": 12
          },
          "fractions": {
            "negative": 0.25,
            "positive": 0.75
          },
          "total": 16
        },
        "test": {
          "counts": {
            "negative": 12,
            "positive": 26
          },
          "fractions": {
            "negative": 0.3157894736842105,
            "positive": 0.6842105263157895
          },
          "total": 38
        }
      }
    ],
    "search_space": {
      "hidden_dim": [
        32,
        128
      ],
      "n_layers": [
        1,
        8
      ],
      "dropout": [
        0.1,
        0.8
      ],
      "learning_rate": [
        "1e-6",
        "1e-2"
      ],
      "weight_decay": [
        0.0,
        0.0001
      ],
      "batch_size": [
        16,
        64
      ],
      "epochs": [
        20,
        60
      ],
      "patience": [
        5,
        20
      ]
    }
  },
  "experiment": "residual_dnn_SCZ_p0.0001_low_0.1_1",
  "config": {
    "construct_gwas_mri": {
      "run": false
    },
    "plink2": {
      "prepare": false
    },
    "sampling": {
      "run": false
    },