{
  "hpo": {
    "r2_scores": [
      -2.274960517883301,
      -2.0820107460021973,
      -1.7038226127624512,
      -1.8127288818359375,
      -2.351341724395752
    ],
    "mean_r2": -2.0449728965759277,
    "std_r2": 0.2523682885914964,
    "pearson_r2_scores": [
      0.059492770582437515,
      0.04668122157454491,
      0.07239056378602982,
      0.01688297465443611,
      0.011048425920307636
    ],
    "pearson_p_values": [
      7.061902579152957e-05,
      0.00038637040415778756,
      4.239403551764553e-06,
      0.03699912503361702,
      0.08951731026172638
    ],
    "mean_pearson_r2": 0.041299186646938324,
    "std_pearson_r2": 0.023823965340852737,
    "mean_pearson_p": 0.025395533069968224,
    "std_pearson_p": 0.0350935123860836,
    "spearman_rank_scores": [
      0.05630930047485454,
      0.027394147888736047,
      0.030978957937582156,
      0.007733528677061712,
      0.02030902815684386
    ],
    "spearman_p_values": [
      0.00011192710096518765,
      0.006822491517549087,
      0.0029171677572099467,
      0.15901136152195341,
      0.021027975517761466
    ],
    "mean_spearman_rank": 0.028544992627015663,
    "std_spearman_rank": 0.015994083678087967,
    "mean_spearman_p": 0.03797818468308782,
    "std_spearman_p": 0.06094283399093609,
    "fold_best_params": [],
    "search_space": null
  },
  "experiment": "linear_regression_SCZ_p0.0001_low_0.8_0.8",
  "config": {
    "construct_gwas_mri": {
      "run": false
    },
    "plink2": {
      "prepare": false
    },
    "sampling": {
      "run": false
    },
    "data": {
      "illness": [
        "SCZ"
      ],
      "p_clump": [
        0.0001
      ],
      "distribution": [
        "low"
      ],
      "target": "Z",
      "test_size": 0.2,
      "n_splits": 10,
      "save_splits": true,
      "polars": true,
      "chunk_size": 10000,
      "row_ratio": [
        0.2,
        0.4,
        0.6,
        0.8,
        1.0
      ],
      "col_ratio": [
        0.2,
        0.4,
        0.6,
        0.8,
        1.0
      ],
      "top_rows": true,
      "top_cols": true,
      "mri_p_value": 0.05
    },
    "experiment": {
      "run": false
    },
    "model": {
      "name": "linear_regression"
    },
    "hpo": {
      "run": true,
      "outer_cv": 5
    },
    "evaluation": {
      "metrics": [
        "r2",
        "mse",
        "pearson_r2"
      ],
      "binary_threshold": null
    }
  },
  "timestamp": "20260422_105533"
}