{
  "hpo": {
    "r2_scores": [
      0.06890052556991577,
      0.20168352127075195,
      0.17859560251235962,
      0.06828725337982178,
      0.061150968074798584
    ],
    "mean_r2": 0.11572357416152954,
    "std_r2": 0.061258103463595906,
    "pearson_r2_scores": [
      0.0819515660405159,
      0.204926535487175,
      0.18560853600502014,
      0.07419803738594055,
      0.08206965029239655
    ],
    "pearson_p_values": [
      1.4756727068743203e-05,
      1.6963883422982384e-11,
      8.265615969449414e-11,
      9.53532726271078e-05,
      3.575670052669011e-05
    ],
    "mean_pearson_r2": 0.12575086951255798,
    "std_pearson_r2": 0.05715915933251381,
    "mean_pearson_p": 2.917335950769484e-05,
    "std_pearson_p": 3.5589673643698916e-05,
    "spearman_rank_scores": [
      0.0674183374712924,
      0.0859338905470687,
      0.08819559477091461,
      0.02825213090913789,
      0.05531853484458713
    ],
    "spearman_p_values": [
      9.070133677402723e-05,
      2.5241610047766207e-05,
      1.3249930597370993e-05,
      0.01735428719965762,
      0.000753175441132684
    ],
    "mean_spearman_rank": 0.06502369770860014,
    "std_spearman_rank": 0.02202837074640718,
    "mean_spearman_p": 0.003647331103641894,
    "std_spearman_p": 0.006859044772960576,
    "fold_best_params": [],
    "search_space": null
  },
  "experiment": "tabpfn_SCZ_p0.0001_low_0.6_0.6",
  "config": {
    "construct_gwas_mri": {
      "run": false
    },
    "plink2": {
      "prepare": false
    },
    "sampling": {
      "run": false
    },
    "data": {
      "illness": [
        "SCZ"
      ],
      "p_clump": [
        0.0001
      ],
      "target": "Z",
      "distribution": [
        "low"
      ],
      "test_size": 0.2,
      "n_splits": 10,
      "save_splits": true,
      "polars": true,
      "sampling": false,
      "row_ratio": [
        0.2,
        0.4,
        0.6,
        0.8,
        1.0
      ],
      "col_ratio": [
        0.2,
        0.4,
        0.6,
        0.8,
        1.0
      ],
      "top_rows": true,
      "top_cols": true,
      "mri_p_value": 0.05
    },
    "experiment": {
      "run": false
    },
    "model": {
      "name": "tabpfn",
      "finetune": true,
      "device": "cuda",
      "epochs": 30,
      "learning_rate": "1e-5"
    },
    "hpo": {
      "run": true,
      "outer_cv": 5
    },
    "evaluation": {
      "metrics": [
        "r2",
        "mse",
        "stderr"
      ],
      "binary_threshold": null
    }
  },
  "timestamp": "20260423_020232"
}