{
  "hpo": {
    "r2_scores": [
      -0.4235130548477173,
      -0.4907599687576294,
      -0.4647582769393921,
      -0.6086773872375488,
      -0.5386335849761963
    ],
    "mean_r2": -0.5052684545516968,
    "std_r2": 0.06378425404195855,
    "pearson_r2_scores": [
      0.06187272444367409,
      0.03222156688570976,
      0.05203324183821678,
      0.040020447224378586,
      0.04851732775568962
    ],
    "pearson_p_values": [
      4.485625140659977e-06,
      0.0012609356781467795,
      7.487225229851902e-05,
      0.00017994109657593071,
      2.7532330932444893e-05
    ],
    "mean_pearson_r2": 0.04693306237459183,
    "std_pearson_r2": 0.010158027522265911,
    "mean_pearson_p": 0.00030955340480431914,
    "std_pearson_p": 0.0004795007989741862,
    "spearman_rank_scores": [
      0.05624798366147816,
      0.024982273814306368,
      0.035665824233807125,
      0.022589357639151396,
      0.048205801067342395
    ],
    "spearman_p_values": [
      1.2564602950351408e-05,
      0.004594111029143099,
      0.0010952332676830358,
      0.005086408813731776,
      2.9260022172748315e-05
    ],
    "mean_spearman_rank": 0.03753824808321709,
    "std_spearman_rank": 0.013026731581633474,
    "mean_spearman_p": 0.0021635155471362018,
    "std_spearman_p": 0.0022259363460704245,
    "fold_best_params": [],
    "search_space": null
  },
  "experiment": "linear_regression_SCZ_p0.0001_low_1.0_0.6",
  "config": {
    "construct_gwas_mri": {
      "run": false
    },
    "plink2": {
      "prepare": false
    },
    "sampling": {
      "run": false
    },
    "data": {
      "illness": [
        "SCZ"
      ],
      "p_clump": [
        0.0001
      ],
      "distribution": [
        "low"
      ],
      "target": "Z",
      "test_size": 0.2,
      "n_splits": 10,
      "save_splits": true,
      "polars": true,
      "chunk_size": 10000,
      "row_ratio": [
        0.2,
        0.4,
        0.6,
        0.8,
        1.0
      ],
      "col_ratio": [
        0.2,
        0.4,
        0.6,
        0.8,
        1.0
      ],
      "top_rows": true,
      "top_cols": true,
      "mri_p_value": 0.05
    },
    "experiment": {
      "run": false
    },
    "model": {
      "name": "linear_regression"
    },
    "hpo": {
      "run": true,
      "outer_cv": 5
    },
    "evaluation": {
      "metrics": [
        "r2",
        "mse",
        "pearson_r2"
      ],
      "binary_threshold": null
    }
  },
  "timestamp": "20260422_105546"
}