{
  "hpo": {
    "r2_scores": [
      -0.22755825519561768,
      -0.3050222396850586,
      0.029722273349761963,
      -0.26712727546691895,
      -0.16877412796020508
    ],
    "mean_r2": -0.18775192499160767,
    "std_r2": 0.11772213098655382,
    "pearson_r2_scores": [
      0.06766793876886368,
      0.06048053875565529,
      0.203506201505661,
      0.07486970722675323,
      0.09868689626455307
    ],
    "pearson_p_values": [
      0.0022248539607971907,
      0.006778770126402378,
      2.8114575556514865e-08,
      0.0009052666719071567,
      0.0001957399072125554
    ],
    "mean_pearson_r2": 0.1010422483086586,
    "std_pearson_r2": 0.05281762406229973,
    "mean_pearson_p": 0.002020931802690029,
    "std_pearson_p": 0.002503545256331563,
    "spearman_rank_scores": [
      0.048160575442948515,
      0.04987850159610081,
      0.20240949414312678,
      0.043995247745349436,
      0.07555482640990577
    ],
    "spearman_p_values": [
      0.010257823956129205,
      0.014208115748823167,
      3.095025867836158e-08,
      0.01162916018754657,
      0.0012013315132305962
    ],
    "mean_spearman_rank": 0.08399972906748625,
    "std_spearman_rank": 0.06023495740630159,
    "mean_spearman_p": 0.0074592924711976445,
    "std_spearman_p": 0.005754456510667587,
    "fold_best_params": [],
    "search_space": null
  },
  "experiment": "linear_regression_SCZ_p0.0001_low_0.4_0.2",
  "config": {
    "construct_gwas_mri": {
      "run": false
    },
    "plink2": {
      "prepare": false
    },
    "sampling": {
      "run": false
    },
    "data": {
      "illness": [
        "SCZ"
      ],
      "p_clump": [
        0.0001
      ],
      "distribution": [
        "low"
      ],
      "target": "Z",
      "test_size": 0.2,
      "n_splits": 10,
      "save_splits": true,
      "polars": true,
      "chunk_size": 10000,
      "row_ratio": [
        0.2,
        0.4,
        0.6,
        0.8,
        1.0
      ],
      "col_ratio": [
        0.2,
        0.4,
        0.6,
        0.8,
        1.0
      ],
      "top_rows": true,
      "top_cols": true,
      "mri_p_value": 0.05
    },
    "experiment": {
      "run": false
    },
    "model": {
      "name": "linear_regression"
    },
    "hpo": {
      "run": true,
      "outer_cv": 5
    },
    "evaluation": {
      "metrics": [
        "r2",
        "mse",
        "pearson_r2"
      ],
      "binary_threshold": null
    }
  },
  "timestamp": "20260422_105458"
}