{
  "hpo": {
    "r2_scores": [
      0.04746127128601074,
      0.08193022012710571,
      0.15539711713790894,
      0.07545596361160278,
      0.1044168472290039
    ],
    "mean_r2": 0.09293228387832642,
    "std_r2": 0.036132618926739093,
    "pearson_r2_scores": [
      0.0514226108789444,
      0.09077031910419464,
      0.16989333927631378,
      0.07792089879512787,
      0.10780046135187149
    ],
    "pearson_p_values": [
      0.00022690319747198373,
      5.515950078915921e-07,
      4.4879567727071357e-13,
      5.294855782267405e-06,
      5.308887196520118e-08
    ],
    "mean_pearson_r2": 0.09956152737140656,
    "std_pearson_r2": 0.03969231992959976,
    "mean_pearson_p": 4.656054807128385e-05,
    "std_pearson_p": 9.0193105279468e-05,
    "spearman_rank_scores": [
      0.02182718519700893,
      0.08297071024144015,
      0.08722097220858414,
      0.022006620494050954,
      0.06366163834527815
    ],
    "spearman_p_values": [
      0.01713221620374803,
      1.775685783525585e-06,
      4.0079778898384096e-07,
      0.017105526181363268,
      3.603264952350502e-05
    ],
    "mean_spearman_rank": 0.05553742529727247,
    "std_spearman_rank": 0.02857666972804119,
    "mean_spearman_p": 0.006855190303641463,
    "std_spearman_p": 0.00838027432919832,
    "fold_best_params": [],
    "search_space": null
  },
  "experiment": "tabpfn_SCZ_p0.0001_low_0.8_0.2",
  "config": {
    "construct_gwas_mri": {
      "run": false
    },
    "plink2": {
      "prepare": false
    },
    "sampling": {
      "run": false
    },
    "data": {
      "illness": [
        "SCZ"
      ],
      "p_clump": [
        0.0001
      ],
      "target": "Z",
      "distribution": [
        "low"
      ],
      "test_size": 0.2,
      "n_splits": 10,
      "save_splits": true,
      "polars": true,
      "sampling": false,
      "row_ratio": [
        0.2,
        0.4,
        0.6,
        0.8,
        1.0
      ],
      "col_ratio": [
        0.2,
        0.4,
        0.6,
        0.8,
        1.0
      ],
      "top_rows": true,
      "top_cols": true,
      "mri_p_value": 0.05
    },
    "experiment": {
      "run": false
    },
    "model": {
      "name": "tabpfn",
      "finetune": true,
      "device": "cuda",
      "epochs": 30,
      "learning_rate": "1e-5"
    },
    "hpo": {
      "run": true,
      "outer_cv": 5
    },
    "evaluation": {
      "metrics": [
        "r2",
        "mse",
        "stderr"
      ],
      "binary_threshold": null
    }
  },
  "timestamp": "20260423_021017"
}