{
  "hpo": {
    "r2_scores": [
      -0.22435486316680908,
      -0.3321288824081421,
      -0.2118140459060669,
      -0.21816790103912354,
      -0.3185769319534302
    ],
    "mean_r2": -0.2610085248947144,
    "std_r2": 0.05286044547197872,
    "pearson_r2_scores": [
      0.0654657855629921,
      0.07275379449129105,
      0.10578017681837082,
      0.07476673275232315,
      0.051133912056684494
    ],
    "pearson_p_values": [
      2.9733422707067803e-05,
      8.142746992234606e-06,
      2.022006739821336e-08,
      8.354184501513373e-06,
      0.00022370839724317193
    ],
    "mean_pearson_r2": 0.07398007810115814,
    "std_pearson_r2": 0.017932146787643433,
    "mean_pearson_p": 5.399179644882679e-05,
    "std_pearson_p": 8.542839350411668e-05,
    "spearman_rank_scores": [
      0.0679962405594686,
      0.05218097306945984,
      0.062204685037161034,
      0.07906891482331736,
      0.04951595781858115
    ],
    "spearman_p_values": [
      2.0600169832943345e-05,
      0.0001713686229234603,
      2.1191094836918982e-05,
      4.484168892318759e-06,
      0.00028317094204718024
    ],
    "mean_spearman_rank": 0.0621933542615976,
    "std_spearman_rank": 0.010764964651635837,
    "mean_spearman_p": 0.00010016299970656434,
    "std_spearman_p": 0.00010980290711968682,
    "fold_best_params": [],
    "search_space": null
  },
  "experiment": "linear_regression_SCZ_p0.0001_low_0.8_0.4",
  "config": {
    "construct_gwas_mri": {
      "run": false
    },
    "plink2": {
      "prepare": false
    },
    "sampling": {
      "run": false
    },
    "data": {
      "illness": [
        "SCZ"
      ],
      "p_clump": [
        0.0001
      ],
      "distribution": [
        "low"
      ],
      "target": "Z",
      "test_size": 0.2,
      "n_splits": 10,
      "save_splits": true,
      "polars": true,
      "chunk_size": 10000,
      "row_ratio": [
        0.2,
        0.4,
        0.6,
        0.8,
        1.0
      ],
      "col_ratio": [
        0.2,
        0.4,
        0.6,
        0.8,
        1.0
      ],
      "top_rows": true,
      "top_cols": true,
      "mri_p_value": 0.05
    },
    "experiment": {
      "run": false
    },
    "model": {
      "name": "linear_regression"
    },
    "hpo": {
      "run": true,
      "outer_cv": 5
    },
    "evaluation": {
      "metrics": [
        "r2",
        "mse",
        "pearson_r2"
      ],
      "binary_threshold": null
    }
  },
  "timestamp": "20260422_105528"
}