{
  "hpo": {
    "r2_scores": [
      0.0826835036277771,
      0.09632563591003418,
      0.18169665336608887,
      0.39572060108184814,
      0.3145661950111389
    ],
    "mean_r2": 0.21419851779937743,
    "std_r2": 0.12269517005749471,
    "pearson_corr_scores": [
      0.46674418449401855,
      0.46265003085136414,
      0.5752168893814087,
      0.6868762969970703,
      0.6411153674125671
    ],
    "pearson_r2_scores": [
      0.21785013377666473,
      0.21404504776000977,
      0.3308744728565216,
      0.4717990458011627,
      0.4110289216041565
    ],
    "pearson_p_values": [
      8.170352172598427e-10,
      1.3545783383861476e-09,
      4.95324454060286e-15,
      5.795094640966043e-23,
      2.571614568535748e-19
    ],
    "mean_pearson_corr": 0.5665205717086792,
    "std_pearson_corr": 0.09041009843349457,
    "mean_pearson_r2": 0.3291195333003998,
    "std_pearson_r2": 0.10265737771987915,
    "mean_pearson_p": 4.3432368812545974e-10,
    "std_pearson_p": 5.584341877806764e-10,
    "spearman_corr_scores": [
      0.04411499739217018,
      0.14289903644742355,
      0.21444057107461686,
      0.2416540918461793,
      0.26591011078455246
    ],
    "spearman_rank_scores": [
      0.0019461329949111818,
      0.020420134617602084,
      0.045984758522807805,
      0.05839670010600166,
      0.07070818701745296
    ],
    "spearman_p_values": [
      0.5844947932724059,
      0.07609748905223092,
      0.007375503828792758,
      0.002451676880164022,
      0.0008252854831641408
    ],
    "mean_spearman_corr": 0.18180376150898847,
    "std_spearman_corr": 0.08024073125874404,
    "mean_spearman_rank": 0.03949118265175514,
    "std_spearman_rank": 0.025089528119236464,
    "mean_spearman_p": 0.13424894970335155,
    "std_spearman_p": 0.2268797825248975,
    "fold_best_params": [
      {
        "hidden_dim": 46,
        "n_layers": 7,
        "dropout": 0.5520772606309905,
        "learning_rate": 0.009487031165101611,
        "weight_decay": 6.267850036543241e-05,
        "batch_size": 43,
        "epochs": 490,
        "patience": 14
      },
      {
        "hidden_dim": 49,
        "n_layers": 8,
        "dropout": 0.5079327248738795,
        "learning_rate": 0.0022066350091616317,
        "weight_decay": 2.8671725444667687e-06,
        "batch_size": 32,
        "epochs": 102,
        "patience": 18
      },
      {
        "hidden_dim": 41,
        "n_layers": 7,
        "dropout": 0.2880594593345497,
        "learning_rate": 0.0044224166016176856,
        "weight_decay": 9.017439796658579e-05,
        "batch_size": 16,
        "epochs": 430,
        "patience": 15
      },
      {
        "hidden_dim": 50,
        "n_layers": 7,
        "dropout": 0.17225666722966348,
        "learning_rate": 0.00021215088356124176,
        "weight_decay": 2.594587047368571e-05,
        "batch_size": 46,
        "epochs": 225,
        "patience": 19
      },
      {
        "hidden_dim": 34,
        "n_layers": 8,
        "dropout": 0.14063592135137698,
        "learning_rate": 0.0010535659762702188,
        "weight_decay": 6.460287808982568e-06,
        "batch_size": 28,
        "epochs": 101,
        "patience": 8
      }
    ],
    "search_space": {
      "hidden_dim": [
        32,
        128
      ],
      "n_layers": [
        1,
        8
      ],
      "dropout": [
        0.1,
        0.8
      ],
      "learning_rate": [
        "1e-6",
        "1e-2"
      ],
      "weight_decay": [
        0.0,
        0.0001
      ],
      "batch_size": [
        16,
        64
      ],
      "epochs": [
        20,
        500
      ],
      "patience": [
        5,
        20
      ]
    }
  },
  "experiment": "residual_dnn_SCZ_p0.0001_low_0.4_0.2",
  "config": {
    "construct_gwas_mri": {
      "run": false
    },
    "plink2": {
      "prepare": false
    },
    "sampling": {
      "run": false
    },
    "data": {
      "illness": [
        "SCZ"
      ],
      "p_clump": [
        0.0001
      ],
      "distribution": [
        "low"
      ],
      "target": "Z",
      "test_size": 0.2,
      "n_splits": 10,
      "save_splits": true,
      "polars": true,
      "chunk_size": 10000,
      "row_ratio": [
        0.2,
        0.4,
        0.6,
        0.8,
        1.0
      ],
      "col_ratio": [
        0.2,
        0.4,
        0.6,
        0.8,
        1.0
      ],
      "top_rows": true,
      "top_cols": true,
      "mri_p_value": 0.05
    },
    "experiment": {
      "run": false
    },
    "model": {
      "name": "residual_dnn",
      "output_dim": 1,
      "dropout": 0.4,
      "learning_rate": 1e-05,
      "epochs": 300,
      "batch_size": 32,
      "patience": 20
    },
    "hpo": {
      "run": true,
      "n_trials": 30,
      "outer_cv": 5,
      "inner_cv": 5,
      "search_space": {
        "hidden_dim": [
          32,
          128
        ],
        "n_layers": [
          1,
          8
        ],
        "dropout": [
          0.1,
          0.8
        ],
        "learning_rate": [
          "1e-6",
          "1e-2"
        ],
        "weight_decay": [
          0.0,
          0.0001
        ],
        "batch_size": [
          16,
          64
        ],
        "epochs": [
          20,
          500
        ],
        "patience": [
          5,
          20
        ]
      }
    },
    "evaluation": {
      "metrics": [
        "r2",
        "mse"
      ],
      "binary_threshold": null
    }
  },
  "timestamp": "20260421_172032"
}