{
  "hpo": {
    "r2_scores": [
      0.12778359651565552,
      0.14927387237548828,
      -0.1571897268295288,
      -0.040354013442993164,
      -0.15763437747955322
    ],
    "mean_r2": -0.015624129772186279,
    "std_r2": 0.133098777561497,
    "pearson_r2_scores": [
      0.27371594309806824,
      0.3253600299358368,
      0.11971800774335861,
      0.19066059589385986,
      0.12586575746536255
    ],
    "pearson_p_values": [
      1.24192865769146e-06,
      7.485011366270555e-08,
      0.0022019282914698124,
      0.0003095326537732035,
      0.009860647842288017
    ],
    "mean_pearson_r2": 0.20706406235694885,
    "std_pearson_r2": 0.08115168660879135,
    "mean_pearson_p": 0.002474685199558735,
    "std_pearson_p": 0.0037830236833542585,
    "spearman_rank_scores": [
      0.251081138999864,
      0.32279174291909485,
      0.08233722316105305,
      0.10473402970655715,
      0.08150725194851108
    ],
    "spearman_p_values": [
      4.0213750037741096e-06,
      8.646579410359616e-08,
      0.011965571848035995,
      0.009091557053334136,
      0.04020840912874472
    ],
    "mean_spearman_rank": 0.16849027734701602,
    "std_spearman_rank": 0.09968294465202085,
    "mean_spearman_p": 0.012253929174182545,
    "std_spearman_p": 0.014776695159057624,
    "fold_best_params": [],
    "search_space": null
  },
  "experiment": "linear_regression_SCZ_p0.0001_low_0.2_1.0",
  "config": {
    "construct_gwas_mri": {
      "run": false
    },
    "plink2": {
      "prepare": false
    },
    "sampling": {
      "run": false
    },
    "data": {
      "illness": [
        "SCZ"
      ],
      "p_clump": [
        0.0001
      ],
      "distribution": [
        "low"
      ],
      "target": "Z",
      "test_size": 0.2,
      "n_splits": 10,
      "save_splits": true,
      "polars": true,
      "chunk_size": 10000,
      "row_ratio": [
        0.2,
        0.4,
        0.6,
        0.8,
        1.0
      ],
      "col_ratio": [
        0.2,
        0.4,
        0.6,
        0.8,
        1.0
      ],
      "top_rows": true,
      "top_cols": true,
      "mri_p_value": 0.05
    },
    "experiment": {
      "run": false
    },
    "model": {
      "name": "linear_regression"
    },
    "hpo": {
      "run": true,
      "outer_cv": 5
    },
    "evaluation": {
      "metrics": [
        "r2",
        "mse",
        "pearson_r2"
      ],
      "binary_threshold": null
    }
  },
  "timestamp": "20260422_105455"
}