{
  "hpo": {
    "r2_scores": [
      -0.17463111877441406,
      0.06614124774932861,
      0.03731435537338257,
      -0.07570695877075195,
      -0.22346043586730957
    ],
    "mean_r2": -0.07406858205795289,
    "std_r2": 0.11357674865844548,
    "pearson_r2_scores": [
      0.03877398744225502,
      0.15206646919250488,
      0.1411246508359909,
      0.07414357364177704,
      0.03433069586753845
    ],
    "pearson_p_values": [
      0.0032165569718927145,
      1.1441812830526032e-08,
      2.25207568149699e-08,
      9.59418757702224e-05,
      0.00829165056347847
    ],
    "mean_pearson_r2": 0.08808787167072296,
    "std_pearson_r2": 0.049844350665807724,
    "mean_pearson_p": 0.002320836763828993,
    "std_pearson_p": 0.0032303405459970236,
    "spearman_rank_scores": [
      0.036311936108718135,
      0.0967432538862298,
      0.11020616399844096,
      0.07565408477295485,
      0.03191512448572888
    ],
    "spearman_p_values": [
      0.004380707139818654,
      7.365776560856063e-06,
      9.653871460124186e-07,
      8.088822241060616e-05,
      0.010965194882432376
    ],
    "mean_spearman_rank": 0.07016611265041453,
    "std_spearman_rank": 0.031460805301613354,
    "mean_spearman_p": 0.003087024281673701,
    "std_spearman_p": 0.004284485905392282,
    "fold_best_params": [],
    "search_space": null
  },
  "experiment": "linear_regression_SCZ_p0.0001_low_0.6_0.2",
  "config": {
    "construct_gwas_mri": {
      "run": false
    },
    "plink2": {
      "prepare": false
    },
    "sampling": {
      "run": false
    },
    "data": {
      "illness": [
        "SCZ"
      ],
      "p_clump": [
        0.0001
      ],
      "distribution": [
        "low"
      ],
      "target": "Z",
      "test_size": 0.2,
      "n_splits": 10,
      "save_splits": true,
      "polars": true,
      "chunk_size": 10000,
      "row_ratio": [
        0.2,
        0.4,
        0.6,
        0.8,
        1.0
      ],
      "col_ratio": [
        0.2,
        0.4,
        0.6,
        0.8,
        1.0
      ],
      "top_rows": true,
      "top_cols": true,
      "mri_p_value": 0.05
    },
    "experiment": {
      "run": false
    },
    "model": {
      "name": "linear_regression"
    },
    "hpo": {
      "run": true,
      "outer_cv": 5
    },
    "evaluation": {
      "metrics": [
        "r2",
        "mse",
        "pearson_r2"
      ],
      "binary_threshold": null
    }
  },
  "timestamp": "20260422_105511"
}