{
  "hpo": {
    "r2_scores": [
      -2.7099790573120117,
      -1.9591615200042725,
      -2.1765506267547607,
      -2.1651012897491455,
      -2.970196008682251
    ],
    "mean_r2": -2.396197700500488,
    "std_r2": 0.3796271351755408,
    "pearson_r2_scores": [
      0.012757101096212864,
      0.010641207918524742,
      0.03914419934153557,
      0.03276270627975464,
      0.0232782531529665
    ],
    "pearson_p_values": [
      0.03970329090952873,
      0.06532716006040573,
      0.000618382531683892,
      0.0007178167579695582,
      0.003907759673893452
    ],
    "mean_pearson_r2": 0.023716693744063377,
    "std_pearson_r2": 0.011055419221520424,
    "mean_pearson_p": 0.0220548827201128,
    "std_pearson_p": 0.02618422545492649,
    "spearman_rank_scores": [
      0.019397026833894503,
      0.011704964009001216,
      0.0447266911004214,
      0.018428735758704164,
      0.020277287937414238
    ],
    "spearman_p_values": [
      0.01106938926527872,
      0.05317987855506266,
      0.00024762964474136075,
      0.011480718760051243,
      0.007122880654805668
    ],
    "mean_spearman_rank": 0.022906941127887104,
    "std_spearman_rank": 0.01132143699198887,
    "mean_spearman_p": 0.016620099375987928,
    "std_spearman_p": 0.018719487161831444,
    "fold_best_params": [],
    "search_space": null
  },
  "experiment": "linear_regression_SCZ_p0.0001_low_1.0_1.0",
  "config": {
    "construct_gwas_mri": {
      "run": false
    },
    "plink2": {
      "prepare": false
    },
    "sampling": {
      "run": false
    },
    "data": {
      "illness": [
        "SCZ"
      ],
      "p_clump": [
        0.0001
      ],
      "distribution": [
        "low"
      ],
      "target": "Z",
      "test_size": 0.2,
      "n_splits": 10,
      "save_splits": true,
      "polars": true,
      "chunk_size": 10000,
      "row_ratio": [
        0.2,
        0.4,
        0.6,
        0.8,
        1.0
      ],
      "col_ratio": [
        0.2,
        0.4,
        0.6,
        0.8,
        1.0
      ],
      "top_rows": true,
      "top_cols": true,
      "mri_p_value": 0.05
    },
    "experiment": {
      "run": false
    },
    "model": {
      "name": "linear_regression"
    },
    "hpo": {
      "run": true,
      "outer_cv": 5
    },
    "evaluation": {
      "metrics": [
        "r2",
        "mse",
        "pearson_r2"
      ],
      "binary_threshold": null
    }
  },
  "timestamp": "20260422_105552"
}