{
  "hpo": {
    "r2_scores": [
      0.09883314371109009,
      0.04210519790649414,
      0.1353057622909546,
      0.08838504552841187,
      0.07078760862350464
    ],
    "mean_r2": 0.08708335161209106,
    "std_r2": 0.030834196806198224,
    "pearson_r2_scores": [
      0.1002572625875473,
      0.04517107829451561,
      0.13621313869953156,
      0.08973278850317001,
      0.07718939334154129
    ],
    "pearson_p_values": [
      3.633147560577754e-09,
      0.00012766542204190046,
      5.536070560308026e-11,
      1.3243479202174058e-08,
      9.87983241884649e-08
    ],
    "mean_pearson_r2": 0.0897127315402031,
    "std_pearson_r2": 0.029712853953242302,
    "mean_pearson_p": 2.555622995714657e-05,
    "std_pearson_p": 5.105460877530277e-05,
    "spearman_rank_scores": [
      0.08434910659871976,
      0.01694281062289744,
      0.05057801682433388,
      0.043581026121105926,
      0.04263734212003778
    ],
    "spearman_p_values": [
      7.104815614383845e-08,
      0.019845283905403664,
      9.50108030499104e-05,
      9.14166708783763e-05,
      8.684330155397658e-05
    ],
    "mean_spearman_rank": 0.047617660457418956,
    "std_spearman_rank": 0.021633341144296766,
    "mean_spearman_p": 0.0040237251458084145,
    "std_spearman_p": 0.007910858346165759,
    "fold_best_params": [],
    "search_space": null
  },
  "experiment": "tabpfn_SCZ_p0.0001_low_1.0_0.2",
  "config": {
    "construct_gwas_mri": {
      "run": false
    },
    "plink2": {
      "prepare": false
    },
    "sampling": {
      "run": false
    },
    "data": {
      "illness": [
        "SCZ"
      ],
      "p_clump": [
        0.0001
      ],
      "target": "Z",
      "distribution": [
        "low"
      ],
      "test_size": 0.2,
      "n_splits": 10,
      "save_splits": true,
      "polars": true,
      "sampling": false,
      "row_ratio": [
        0.2,
        0.4,
        0.6,
        0.8,
        1.0
      ],
      "col_ratio": [
        0.2,
        0.4,
        0.6,
        0.8,
        1.0
      ],
      "top_rows": true,
      "top_cols": true,
      "mri_p_value": 0.05
    },
    "experiment": {
      "run": false
    },
    "model": {
      "name": "tabpfn",
      "finetune": true,
      "device": "cuda",
      "epochs": 30,
      "learning_rate": "1e-5"
    },
    "hpo": {
      "run": true,
      "outer_cv": 5
    },
    "evaluation": {
      "metrics": [
        "r2",
        "mse",
        "stderr"
      ],
      "binary_threshold": null
    }
  },
  "timestamp": "20260423_022538"
}