{
  "hpo": {
    "r2_scores": [
      -1.3033194541931152,
      -1.5129663944244385,
      -1.068446397781372,
      -1.1842658519744873,
      -0.7648178339004517
    ],
    "mean_r2": -1.166763186454773,
    "std_r2": 0.24901280133458042,
    "pearson_r2_scores": [
      0.02044307067990303,
      0.012333372607827187,
      0.12101513147354126,
      0.0740630179643631,
      0.10190154612064362
    ],
    "pearson_p_values": [
      0.0968012660741806,
      0.2272164225578308,
      2.9055574486847036e-05,
      0.0009675704059191048,
      0.00015189511759672314
    ],
    "mean_pearson_r2": 0.06595122814178467,
    "std_pearson_r2": 0.043211404234170914,
    "mean_pearson_p": 0.06503324210643768,
    "std_pearson_p": 0.0892772525548935,
    "spearman_rank_scores": [
      0.013975862142637914,
      0.016244342500094804,
      0.1141370939525173,
      0.06110661085810712,
      0.10159490962837578
    ],
    "spearman_p_values": [
      0.17045242969717433,
      0.16537113467092468,
      5.068314430482466e-05,
      0.002817142432112655,
      0.00015561705122000405
    ],
    "mean_spearman_rank": 0.06141176381634659,
    "std_spearman_rank": 0.04167733071971972,
    "mean_spearman_p": 0.0677694013991473,
    "std_spearman_p": 0.08178770961331058,
    "fold_best_params": [],
    "search_space": null
  },
  "experiment": "linear_regression_SCZ_p0.0001_low_0.4_1.0",
  "config": {
    "construct_gwas_mri": {
      "run": false
    },
    "plink2": {
      "prepare": false
    },
    "sampling": {
      "run": false
    },
    "data": {
      "illness": [
        "SCZ"
      ],
      "p_clump": [
        0.0001
      ],
      "distribution": [
        "low"
      ],
      "target": "Z",
      "test_size": 0.2,
      "n_splits": 10,
      "save_splits": true,
      "polars": true,
      "chunk_size": 10000,
      "row_ratio": [
        0.2,
        0.4,
        0.6,
        0.8,
        1.0
      ],
      "col_ratio": [
        0.2,
        0.4,
        0.6,
        0.8,
        1.0
      ],
      "top_rows": true,
      "top_cols": true,
      "mri_p_value": 0.05
    },
    "experiment": {
      "run": false
    },
    "model": {
      "name": "linear_regression"
    },
    "hpo": {
      "run": true,
      "outer_cv": 5
    },
    "evaluation": {
      "metrics": [
        "r2",
        "mse",
        "pearson_r2"
      ],
      "binary_threshold": null
    }
  },
  "timestamp": "20260422_105508"
}