{
  "hpo": {
    "r2_scores": [
      0.1253858208656311,
      0.13431215286254883,
      0.22956430912017822,
      0.22230380773544312,
      0.21365833282470703
    ],
    "mean_r2": 0.18504488468170166,
    "std_r2": 0.04543555851386526,
    "pearson_r2_scores": [
      0.1256585568189621,
      0.14084920287132263,
      0.23636563122272491,
      0.22600224614143372,
      0.21618232131004333
    ],
    "pearson_p_values": [
      2.294414116477128e-05,
      2.4041793949436396e-05,
      1.4933222436397386e-09,
      1.7326543533258132e-09,
      1.1794315746271877e-08
    ],
    "mean_pearson_r2": 0.1890116035938263,
    "std_pearson_r2": 0.04622160643339157,
    "mean_pearson_p": 9.40019072004361e-06,
    "std_pearson_p": 1.1511939192132559e-05,
    "spearman_rank_scores": [
      0.06540621402658507,
      0.09933944717756203,
      0.17200821110542527,
      0.13656174109720412,
      0.16719324461167542
    ],
    "spearman_p_values": [
      0.0026549235727387757,
      0.0004543630439391967,
      4.249528322814456e-07,
      5.157520732439924e-06,
      7.722438969456931e-07
    ],
    "mean_spearman_rank": 0.12810177160369038,
    "std_spearman_rank": 0.04070747848192687,
    "mean_spearman_p": 0.0006231282668279278,
    "std_spearman_p": 0.0010308877868272068,
    "fold_best_params": [],
    "search_space": null
  },
  "experiment": "tabpfn_SCZ_p0.0001_low_0.4_0.6",
  "config": {
    "construct_gwas_mri": {
      "run": false
    },
    "plink2": {
      "prepare": false
    },
    "sampling": {
      "run": false
    },
    "data": {
      "illness": [
        "SCZ"
      ],
      "p_clump": [
        0.0001
      ],
      "target": "Z",
      "distribution": [
        "low"
      ],
      "test_size": 0.2,
      "n_splits": 10,
      "save_splits": true,
      "polars": true,
      "sampling": false,
      "row_ratio": [
        0.2,
        0.4,
        0.6,
        0.8,
        1.0
      ],
      "col_ratio": [
        0.2,
        0.4,
        0.6,
        0.8,
        1.0
      ],
      "top_rows": true,
      "top_cols": true,
      "mri_p_value": 0.05
    },
    "experiment": {
      "run": false
    },
    "model": {
      "name": "tabpfn",
      "finetune": true,
      "device": "cuda",
      "epochs": 30,
      "learning_rate": "1e-5"
    },
    "hpo": {
      "run": true,
      "outer_cv": 5
    },
    "evaluation": {
      "metrics": [
        "r2",
        "mse",
        "stderr"
      ],
      "binary_threshold": null
    }
  },
  "timestamp": "20260423_015152"
}