{
  "hpo": {
    "r2_scores": [
      0.04576689004898071,
      0.06480836868286133,
      0.12989085912704468,
      0.0784568190574646,
      0.04971188306808472
    ],
    "mean_r2": 0.0737269639968872,
    "std_r2": 0.030380210119912245,
    "pearson_r2_scores": [
      0.05195281654596329,
      0.0652901753783226,
      0.13394795358181,
      0.07993319630622864,
      0.05173862725496292
    ],
    "pearson_p_values": [
      2.7557207431527786e-05,
      3.6554376947606215e-06,
      8.201209850122737e-11,
      8.820596519854007e-08,
      1.4670874406874646e-05
    ],
    "mean_pearson_r2": 0.07657255232334137,
    "std_pearson_r2": 0.030506975948810577,
    "mean_pearson_p": 9.194362064590678e-06,
    "std_pearson_p": 1.063318268279545e-05,
    "spearman_rank_scores": [
      0.033641362830250994,
      0.024925816443280055,
      0.07371361000639663,
      0.03390410594052369,
      0.022591556810122412
    ],
    "spearman_p_values": [
      0.0007853097297937486,
      0.004640981329532921,
      2.1299569679080517e-06,
      0.0005771939792887566,
      0.004481238057151806
    ],
    "mean_spearman_rank": 0.037755290406114764,
    "std_spearman_rank": 0.018543413866366452,
    "mean_spearman_p": 0.002097370610547028,
    "std_spearman_p": 0.0020285587807189315,
    "fold_best_params": [],
    "search_space": null
  },
  "experiment": "tabpfn_SCZ_p0.0001_low_1.0_1.0",
  "config": {
    "construct_gwas_mri": {
      "run": false
    },
    "plink2": {
      "prepare": false
    },
    "sampling": {
      "run": false
    },
    "data": {
      "illness": [
        "SCZ"
      ],
      "p_clump": [
        0.0001
      ],
      "target": "Z",
      "distribution": [
        "low"
      ],
      "test_size": 0.2,
      "n_splits": 10,
      "save_splits": true,
      "polars": true,
      "sampling": false,
      "row_ratio": [
        0.2,
        0.4,
        0.6,
        0.8,
        1.0
      ],
      "col_ratio": [
        0.2,
        0.4,
        0.6,
        0.8,
        1.0
      ],
      "top_rows": true,
      "top_cols": true,
      "mri_p_value": 0.05
    },
    "experiment": {
      "run": false
    },
    "model": {
      "name": "tabpfn",
      "finetune": true,
      "device": "cuda",
      "epochs": 30,
      "learning_rate": "1e-5"
    },
    "hpo": {
      "run": true,
      "outer_cv": 5
    },
    "evaluation": {
      "metrics": [
        "r2",
        "mse",
        "stderr"
      ],
      "binary_threshold": null
    }
  },
  "timestamp": "20260423_024320"
}