{
  "hpo": {
    "r2_scores": [
      0.2585242986679077,
      -0.13612496852874756,
      -0.04767906665802002,
      0.41127270460128784,
      0.36728471517562866
    ],
    "mean_r2": 0.17065553665161132,
    "std_r2": 0.22183996576745119,
    "pearson_corr_scores": [
      0.570472240447998,
      0.4051383435726166,
      0.5125491619110107,
      0.6741500496864319,
      0.6645573973655701
    ],
    "pearson_r2_scores": [
      0.32543858885765076,
      0.1641370803117752,
      0.2627066373825073,
      0.45447829365730286,
      0.4416365325450897
    ],
    "pearson_p_values": [
      7.591069462744519e-15,
      1.7035243615737272e-07,
      9.248972247799525e-12,
      6.96550699255005e-22,
      4.188162863681947e-21
    ],
    "mean_pearson_corr": 0.5653734803199768,
    "std_pearson_corr": 0.1001613661646843,
    "mean_pearson_r2": 0.3296794295310974,
    "std_pearson_r2": 0.1095598116517067,
    "mean_pearson_p": 3.407233961638667e-08,
    "std_pearson_p": 6.814004649413619e-08,
    "spearman_corr_scores": [
      0.12347837081759415,
      0.12984757178305564,
      0.10154208818772284,
      0.29364416304143737,
      0.28266917169063643
    ],
    "spearman_rank_scores": [
      0.015246908059767287,
      0.01686039189795579,
      0.010310795673523282,
      0.08622689448830625,
      0.0799018606242705
    ],
    "spearman_p_values": [
      0.12460609260558071,
      0.10732613089617596,
      0.2086783501239288,
      0.0002086216572987319,
      0.00036569747594679115
    ],
    "mean_spearman_corr": 0.18623627310408927,
    "std_spearman_corr": 0.08381778289279483,
    "mean_spearman_rank": 0.04170937014876462,
    "std_spearman_rank": 0.033894189475605865,
    "mean_spearman_p": 0.0882369785517862,
    "std_spearman_p": 0.07957837122725821,
    "fold_best_params": [
      {
        "hidden_dim": 63,
        "n_layers": 3,
        "dropout": 0.5214556768725616,
        "learning_rate": 0.005017713621336578,
        "weight_decay": 1.2114830440110266e-05,
        "batch_size": 16,
        "epochs": 442,
        "patience": 20
      },
      {
        "hidden_dim": 59,
        "n_layers": 7,
        "dropout": 0.288342499479147,
        "learning_rate": 0.009927618558361093,
        "weight_decay": 1.3685332876050097e-05,
        "batch_size": 49,
        "epochs": 164,
        "patience": 15
      },
      {
        "hidden_dim": 41,
        "n_layers": 7,
        "dropout": 0.2880594593345497,
        "learning_rate": 0.0044224166016176856,
        "weight_decay": 9.017439796658579e-05,
        "batch_size": 16,
        "epochs": 430,
        "patience": 15
      },
      {
        "hidden_dim": 71,
        "n_layers": 8,
        "dropout": 0.13081808373808074,
        "learning_rate": 0.004794230213825721,
        "weight_decay": 1.8724114649111611e-06,
        "batch_size": 17,
        "epochs": 492,
        "patience": 19
      },
      {
        "hidden_dim": 54,
        "n_layers": 8,
        "dropout": 0.5309717111542499,
        "learning_rate": 0.0028205634718416425,
        "weight_decay": 9.008525620004304e-06,
        "batch_size": 23,
        "epochs": 343,
        "patience": 20
      }
    ],
    "search_space": {
      "hidden_dim": [
        32,
        128
      ],
      "n_layers": [
        1,
        8
      ],
      "dropout": [
        0.1,
        0.8
      ],
      "learning_rate": [
        "1e-6",
        "1e-2"
      ],
      "weight_decay": [
        0.0,
        0.0001
      ],
      "batch_size": [
        16,
        64
      ],
      "epochs": [
        20,
        500
      ],
      "patience": [
        5,
        20
      ]
    }
  },
  "experiment": "residual_dnn_SCZ_p0.0001_low_0.4_0.8",
  "config": {
    "construct_gwas_mri": {
      "run": false
    },
    "plink2": {
      "prepare": false
    },
    "sampling": {
      "run": false
    },
    "data": {
      "illness": [
        "SCZ"
      ],
      "p_clump": [
        0.0001
      ],
      "distribution": [
        "low"
      ],
      "target": "Z",
      "test_size": 0.2,
      "n_splits": 10,
      "save_splits": true,
      "polars": true,
      "chunk_size": 10000,
      "row_ratio": [
        0.2,
        0.4,
        0.6,
        0.8,
        1.0
      ],
      "col_ratio": [
        0.2,
        0.4,
        0.6,
        0.8,
        1.0
      ],
      "top_rows": true,
      "top_cols": true,
      "mri_p_value": 0.05
    },
    "experiment": {
      "run": false
    },
    "model": {
      "name": "residual_dnn",
      "output_dim": 1,
      "dropout": 0.4,
      "learning_rate": 1e-05,
      "epochs": 300,
      "batch_size": 32,
      "patience": 20
    },
    "hpo": {
      "run": true,
      "n_trials": 30,
      "outer_cv": 5,
      "inner_cv": 5,
      "search_space": {
        "hidden_dim": [
          32,
          128
        ],
        "n_layers": [
          1,
          8
        ],
        "dropout": [
          0.1,
          0.8
        ],
        "learning_rate": [
          "1e-6",
          "1e-2"
        ],
        "weight_decay": [
          0.0,
          0.0001
        ],
        "batch_size": [
          16,
          64
        ],
        "epochs": [
          20,
          500
        ],
        "patience": [
          5,
          20
        ]
      }
    },
    "evaluation": {
      "metrics": [
        "r2",
        "mse"
      ],
      "binary_threshold": null
    }
  },
  "timestamp": "20260421_183856"
}