{
  "hpo": {
    "r2_scores": [
      -7.22218132019043,
      -7.306597709655762,
      -5.977093696594238,
      -3.968329906463623,
      -4.50526237487793
    ],
    "mean_r2": -5.795893001556396,
    "std_r2": 1.3678505076135485,
    "pearson_r2_scores": [
      0.0005827740533277392,
      0.017086336389183998,
      0.035814184695482254,
      0.06926224380731583,
      0.06073189154267311
    ],
    "pearson_p_values": [
      0.7802687883377075,
      0.15472657978534698,
      0.026212505996227264,
      0.0014376828912645578,
      0.0038260689470916986
    ],
    "mean_pearson_r2": 0.036695487797260284,
    "std_pearson_r2": 0.025798318907618523,
    "mean_pearson_p": 0.19329431653022766,
    "std_pearson_p": 0.29888126254081726,
    "spearman_rank_scores": [
      0.00022929249968387793,
      0.016680962987331557,
      0.016380731697361216,
      0.04992053229086872,
      0.05334136333544176
    ],
    "spearman_p_values": [
      0.861103712496815,
      0.15975175346106796,
      0.13465539783403546,
      0.007104648054276767,
      0.006825942270274249
    ],
    "mean_spearman_rank": 0.027310576562137423,
    "std_spearman_rank": 0.020758892543107872,
    "mean_spearman_p": 0.2338882908232939,
    "std_spearman_p": 0.3199158355462166,
    "fold_best_params": [],
    "search_space": null
  },
  "experiment": "linear_regression_SCZ_p0.0001_low_0.4_0.6",
  "config": {
    "construct_gwas_mri": {
      "run": false
    },
    "plink2": {
      "prepare": false
    },
    "sampling": {
      "run": false
    },
    "data": {
      "illness": [
        "SCZ"
      ],
      "p_clump": [
        0.0001
      ],
      "distribution": [
        "low"
      ],
      "target": "Z",
      "test_size": 0.2,
      "n_splits": 10,
      "save_splits": true,
      "polars": true,
      "chunk_size": 10000,
      "row_ratio": [
        0.2,
        0.4,
        0.6,
        0.8,
        1.0
      ],
      "col_ratio": [
        0.2,
        0.4,
        0.6,
        0.8,
        1.0
      ],
      "top_rows": true,
      "top_cols": true,
      "mri_p_value": 0.05
    },
    "experiment": {
      "run": false
    },
    "model": {
      "name": "linear_regression"
    },
    "hpo": {
      "run": true,
      "outer_cv": 5
    },
    "evaluation": {
      "metrics": [
        "r2",
        "mse",
        "pearson_r2"
      ],
      "binary_threshold": null
    }
  },
  "timestamp": "20260422_105503"
}