{
  "hpo": {
    "r2_scores": [
      -0.05733370780944824,
      -0.3378312587738037,
      -0.05952441692352295,
      -0.22794699668884277,
      -0.21874713897705078
    ],
    "mean_r2": -0.1802767038345337,
    "std_r2": 0.10795551310502385,
    "pearson_r2_scores": [
      0.10698108375072479,
      0.017515642568469048,
      0.10288558900356293,
      0.04901424050331116,
      0.042258620262145996
    ],
    "pearson_p_values": [
      1.0218769164183072e-09,
      0.017853034660220146,
      1.651502579136377e-08,
      3.254427792853676e-05,
      9.351395419798791e-05
    ],
    "mean_pearson_r2": 0.06373103708028793,
    "std_pearson_r2": 0.035262320190668106,
    "mean_pearson_p": 0.0035958222579210997,
    "std_pearson_p": 0.007128688041120768,
    "spearman_rank_scores": [
      0.08456656633632981,
      0.011133923219281583,
      0.05816769859050799,
      0.014600072364068477,
      0.05746090239158812
    ],
    "spearman_p_values": [
      6.823511908538992e-08,
      0.05937142784799158,
      2.7416156597292547e-05,
      0.024595967339877938,
      4.78982027012345e-06
    ],
    "mean_spearman_rank": 0.045185832580355204,
    "std_spearman_rank": 0.028160502958143773,
    "mean_spearman_p": 0.016799933879971203,
    "std_spearman_p": 0.02331840447727617,
    "fold_best_params": [],
    "search_space": null
  },
  "experiment": "linear_regression_SCZ_p0.0001_low_1.0_0.4",
  "config": {
    "construct_gwas_mri": {
      "run": false
    },
    "plink2": {
      "prepare": false
    },
    "sampling": {
      "run": false
    },
    "data": {
      "illness": [
        "SCZ"
      ],
      "p_clump": [
        0.0001
      ],
      "distribution": [
        "low"
      ],
      "target": "Z",
      "test_size": 0.2,
      "n_splits": 10,
      "save_splits": true,
      "polars": true,
      "chunk_size": 10000,
      "row_ratio": [
        0.2,
        0.4,
        0.6,
        0.8,
        1.0
      ],
      "col_ratio": [
        0.2,
        0.4,
        0.6,
        0.8,
        1.0
      ],
      "top_rows": true,
      "top_cols": true,
      "mri_p_value": 0.05
    },
    "experiment": {
      "run": false
    },
    "model": {
      "name": "linear_regression"
    },
    "hpo": {
      "run": true,
      "outer_cv": 5
    },
    "evaluation": {
      "metrics": [
        "r2",
        "mse",
        "pearson_r2"
      ],
      "binary_threshold": null
    }
  },
  "timestamp": "20260422_105543"
}