{
  "hpo": {
    "r2_scores": [
      0.07255125045776367,
      0.0678134560585022,
      0.14659523963928223,
      0.07580995559692383,
      0.06364321708679199
    ],
    "mean_r2": 0.08528262376785278,
    "std_r2": 0.030933774149303532,
    "pearson_r2_scores": [
      0.08030010759830475,
      0.06869640201330185,
      0.14839324355125427,
      0.08525276929140091,
      0.06891655176877975
    ],
    "pearson_p_values": [
      1.5056802737944963e-07,
      1.998276047743275e-06,
      6.588578207317175e-12,
      3.156612748966836e-08,
      5.055877636550576e-07
    ],
    "mean_pearson_r2": 0.09031181037425995,
    "std_pearson_r2": 0.02974647469818592,
    "mean_pearson_p": 5.372008899939829e-07,
    "std_pearson_p": 7.522591545239266e-07,
    "spearman_rank_scores": [
      0.05559503834265034,
      0.03144672808408808,
      0.08357046971284796,
      0.030563236107187364,
      0.049828750970085746
    ],
    "spearman_p_values": [
      1.4158687434129849e-05,
      0.0014471283369921876,
      4.169747820435953e-07,
      0.001093412019269498,
      2.1308788119475284e-05
    ],
    "mean_spearman_rank": 0.0502008446433719,
    "std_spearman_rank": 0.019391339373978637,
    "mean_spearman_p": 0.0005152849613194669,
    "std_spearman_p": 0.0006265448136482658,
    "fold_best_params": [],
    "search_space": null
  },
  "experiment": "tabpfn_SCZ_p0.0001_low_1.0_0.6",
  "config": {
    "construct_gwas_mri": {
      "run": false
    },
    "plink2": {
      "prepare": false
    },
    "sampling": {
      "run": false
    },
    "data": {
      "illness": [
        "SCZ"
      ],
      "p_clump": [
        0.0001
      ],
      "target": "Z",
      "distribution": [
        "low"
      ],
      "test_size": 0.2,
      "n_splits": 10,
      "save_splits": true,
      "polars": true,
      "sampling": false,
      "row_ratio": [
        0.2,
        0.4,
        0.6,
        0.8,
        1.0
      ],
      "col_ratio": [
        0.2,
        0.4,
        0.6,
        0.8,
        1.0
      ],
      "top_rows": true,
      "top_cols": true,
      "mri_p_value": 0.05
    },
    "experiment": {
      "run": false
    },
    "model": {
      "name": "tabpfn",
      "finetune": true,
      "device": "cuda",
      "epochs": 30,
      "learning_rate": "1e-5"
    },
    "hpo": {
      "run": true,
      "outer_cv": 5
    },
    "evaluation": {
      "metrics": [
        "r2",
        "mse",
        "stderr"
      ],
      "binary_threshold": null
    }
  },
  "timestamp": "20260423_023251"
}