{
  "hpo": {
    "r2_scores": [
      0.07049393653869629,
      0.18335312604904175,
      0.15573877096176147,
      0.06419491767883301,
      0.03265178203582764
    ],
    "mean_r2": 0.10128650665283204,
    "std_r2": 0.057852697219047504,
    "pearson_r2_scores": [
      0.07428301125764847,
      0.20202410221099854,
      0.15737873315811157,
      0.06629683822393417,
      0.04418451339006424
    ],
    "pearson_p_values": [
      3.8523474358953536e-05,
      2.449926546355119e-11,
      2.989512415396689e-09,
      0.00023252848768606782,
      0.002676853211596608
    ],
    "mean_pearson_r2": 0.108833447098732,
    "std_pearson_r2": 0.06037171930074692,
    "mean_pearson_p": 0.000589581613894552,
    "std_pearson_p": 0.0010471928399056196,
    "spearman_rank_scores": [
      0.06560745744960893,
      0.10450451559271431,
      0.09527044839538763,
      0.020727965377563908,
      0.021139228279996442
    ],
    "spearman_p_values": [
      0.00011365157669674278,
      3.0256036455457436e-06,
      5.734071016136528e-06,
      0.04195972434584636,
      0.03896204234186372
    ],
    "mean_spearman_rank": 0.061449923019054234,
    "std_spearman_rank": 0.03549095917401263,
    "mean_spearman_p": 0.016208835587813702,
    "std_spearman_p": 0.019824431461100956,
    "fold_best_params": [],
    "search_space": null
  },
  "experiment": "tabpfn_SCZ_p0.0001_low_0.6_1.0",
  "config": {
    "construct_gwas_mri": {
      "run": false
    },
    "plink2": {
      "prepare": false
    },
    "sampling": {
      "run": false
    },
    "data": {
      "illness": [
        "SCZ"
      ],
      "p_clump": [
        0.0001
      ],
      "target": "Z",
      "distribution": [
        "low"
      ],
      "test_size": 0.2,
      "n_splits": 10,
      "save_splits": true,
      "polars": true,
      "sampling": false,
      "row_ratio": [
        0.2,
        0.4,
        0.6,
        0.8,
        1.0
      ],
      "col_ratio": [
        0.2,
        0.4,
        0.6,
        0.8,
        1.0
      ],
      "top_rows": true,
      "top_cols": true,
      "mri_p_value": 0.05
    },
    "experiment": {
      "run": false
    },
    "model": {
      "name": "tabpfn",
      "finetune": true,
      "device": "cuda",
      "epochs": 30,
      "learning_rate": "1e-5"
    },
    "hpo": {
      "run": true,
      "outer_cv": 5
    },
    "evaluation": {
      "metrics": [
        "r2",
        "mse",
        "stderr"
      ],
      "binary_threshold": null
    }
  },
  "timestamp": "20260423_020738"
}