{
  "hpo": {
    "r2_scores": [
      -0.39472877979278564,
      0.45548003911972046,
      0.2551395297050476,
      0.19191735982894897,
      -0.006937623023986816
    ],
    "mean_r2": 0.10017410516738892,
    "std_r2": 0.28812330767843763,
    "pearson_corr_scores": [
      0.29491424560546875,
      0.6763266324996948,
      0.5835902094841003,
      0.526738166809082,
      0.47636038064956665
    ],
    "pearson_r2_scores": [
      0.08697441220283508,
      0.45741772651672363,
      0.34057754278182983,
      0.27745309472084045,
      0.22691921889781952
    ],
    "pearson_p_values": [
      4.655817065213341e-06,
      1.6523493564702907e-32,
      1.157244685354058e-22,
      4.924598270138524e-18,
      1.5218529154968977e-14
    ],
    "mean_pearson_corr": 0.5115858912467957,
    "std_pearson_corr": 0.1270756870508194,
    "mean_pearson_r2": 0.277868390083313,
    "std_pearson_r2": 0.12264330685138702,
    "mean_pearson_p": 9.311634130426683e-07,
    "std_pearson_p": 1.8623268260853365e-06,
    "spearman_corr_scores": [
      0.09946145579832395,
      0.15297621080512896,
      0.14723820162631965,
      0.17972814517138921,
      0.1592922395053518
    ],
    "spearman_rank_scores": [
      0.00989258118952195,
      0.023401721072295257,
      0.021679088018152756,
      0.032302206166747956,
      0.025374017566630356
    ],
    "spearman_p_values": [
      0.13007550812341104,
      0.019476134477971082,
      0.024597203744989214,
      0.0059392881422667045,
      0.015153498276444738
    ],
    "mean_spearman_corr": 0.14773925058130272,
    "std_spearman_corr": 0.026514838116509426,
    "mean_spearman_rank": 0.022529922802669654,
    "std_spearman_rank": 0.007276987732229469,
    "mean_spearman_p": 0.03904832655301656,
    "std_spearman_p": 0.045923903755094884,
    "fold_best_params": [
      {
        "hidden_dim": 34,
        "n_layers": 5,
        "dropout": 0.24904969603796354,
        "learning_rate": 0.003269700896149423,
        "weight_decay": 7.099467864117198e-05,
        "batch_size": 42,
        "epochs": 500,
        "patience": 18
      },
      {
        "hidden_dim": 66,
        "n_layers": 3,
        "dropout": 0.5112008167918058,
        "learning_rate": 0.003975313327749851,
        "weight_decay": 2.2490602628915878e-05,
        "batch_size": 31,
        "epochs": 132,
        "patience": 20
      },
      {
        "hidden_dim": 41,
        "n_layers": 7,
        "dropout": 0.2880594593345497,
        "learning_rate": 0.0044224166016176856,
        "weight_decay": 9.017439796658579e-05,
        "batch_size": 16,
        "epochs": 430,
        "patience": 15
      },
      {
        "hidden_dim": 57,
        "n_layers": 7,
        "dropout": 0.7721752528903122,
        "learning_rate": 0.0023288203264433672,
        "weight_decay": 2.082931468120968e-05,
        "batch_size": 34,
        "epochs": 204,
        "patience": 17
      },
      {
        "hidden_dim": 54,
        "n_layers": 8,
        "dropout": 0.5309717111542499,
        "learning_rate": 0.0028205634718416425,
        "weight_decay": 9.008525620004304e-06,
        "batch_size": 23,
        "epochs": 343,
        "patience": 20
      }
    ],
    "search_space": {
      "hidden_dim": [
        32,
        128
      ],
      "n_layers": [
        1,
        8
      ],
      "dropout": [
        0.1,
        0.8
      ],
      "learning_rate": [
        "1e-6",
        "1e-2"
      ],
      "weight_decay": [
        0.0,
        0.0001
      ],
      "batch_size": [
        16,
        64
      ],
      "epochs": [
        20,
        500
      ],
      "patience": [
        5,
        20
      ]
    }
  },
  "experiment": "residual_dnn_SCZ_p0.0001_low_0.6_1.0",
  "config": {
    "construct_gwas_mri": {
      "run": false
    },
    "plink2": {
      "prepare": false
    },
    "sampling": {
      "run": false
    },
    "data": {
      "illness": [
        "SCZ"
      ],
      "p_clump": [
        0.0001
      ],
      "distribution": [
        "low"
      ],
      "target": "Z",
      "test_size": 0.2,
      "n_splits": 10,
      "save_splits": true,
      "polars": true,
      "chunk_size": 10000,
      "row_ratio": [
        0.2,
        0.4,
        0.6,
        0.8,
        1.0
      ],
      "col_ratio": [
        0.2,
        0.4,
        0.6,
        0.8,
        1.0
      ],
      "top_rows": true,
      "top_cols": true,
      "mri_p_value": 0.05
    },
    "experiment": {
      "run": false
    },
    "model": {
      "name": "residual_dnn",
      "output_dim": 1,
      "dropout": 0.4,
      "learning_rate": 1e-05,
      "epochs": 300,
      "batch_size": 32,
      "patience": 20
    },
    "hpo": {
      "run": true,
      "n_trials": 30,
      "outer_cv": 5,
      "inner_cv": 5,
      "search_space": {
        "hidden_dim": [
          32,
          128
        ],
        "n_layers": [
          1,
          8
        ],
        "dropout": [
          0.1,
          0.8
        ],
        "learning_rate": [
          "1e-6",
          "1e-2"
        ],
        "weight_decay": [
          0.0,
          0.0001
        ],
        "batch_size": [
          16,
          64
        ],
        "epochs": [
          20,
          500
        ],
        "patience": [
          5,
          20
        ]
      }
    },
    "evaluation": {
      "metrics": [
        "r2",
        "mse"
      ],
      "binary_threshold": null
    }
  },
  "timestamp": "20260421_222054"
}