{
  "hpo": {
    "r2_scores": [
      -0.1374976634979248,
      -0.41013848781585693,
      0.45417308807373047,
      0.331581711769104,
      0.07332521677017212
    ],
    "mean_r2": 0.06228877305984497,
    "std_r2": 0.31283092664674716,
    "pearson_corr_scores": [
      0.19073832035064697,
      0.1762399524450302,
      0.7189261317253113,
      0.5936204195022583,
      0.5020506381988525
    ],
    "pearson_r2_scores": [
      0.036381106823682785,
      0.03106052055954933,
      0.5168547630310059,
      0.35238519310951233,
      0.2520548403263092
    ],
    "pearson_p_values": [
      0.0007215507212094963,
      0.0018087117932736874,
      0.0,
      6.668790571000245e-31,
      3.376323664603972e-21
    ],
    "mean_pearson_corr": 0.43631505966186523,
    "std_pearson_corr": 0.2176612764596939,
    "mean_pearson_r2": 0.23774728178977966,
    "std_pearson_r2": 0.18682360649108887,
    "mean_pearson_p": 0.0005060525145381689,
    "std_pearson_p": 0.000708749343175441,
    "spearman_corr_scores": [
      0.07550966490559437,
      0.005534257843955383,
      0.1252839310436805,
      0.0647827072792783,
      0.17481017294379303
    ],
    "spearman_rank_scores": [
      0.005701709494155149,
      3.062800988338168e-05,
      0.01569606337775769,
      0.004196799162432658,
      0.03055859656463883
    ],
    "spearman_p_values": [
      0.184124533777178,
      0.9225632454227801,
      0.027409399274923387,
      0.255452855382877,
      0.0020067066731801015
    ],
    "mean_spearman_corr": 0.08918414680326031,
    "std_spearman_corr": 0.05729700935256616,
    "mean_spearman_rank": 0.01123675932177354,
    "std_spearman_rank": 0.010945263648922699,
    "mean_spearman_p": 0.27831134810618774,
    "std_spearman_p": 0.3357827323385785,
    "fold_best_params": [
      {
        "hidden_dim": 48,
        "n_layers": 3,
        "dropout": 0.37900596679528836,
        "learning_rate": 0.007554864388136834,
        "weight_decay": 2.7369808821467913e-05,
        "batch_size": 49,
        "epochs": 252,
        "patience": 15
      },
      {
        "hidden_dim": 49,
        "n_layers": 7,
        "dropout": 0.38681676797588604,
        "learning_rate": 0.0009495445620023524,
        "weight_decay": 4.027226578320186e-05,
        "batch_size": 50,
        "epochs": 145,
        "patience": 17
      },
      {
        "hidden_dim": 41,
        "n_layers": 7,
        "dropout": 0.2880594593345497,
        "learning_rate": 0.0044224166016176856,
        "weight_decay": 9.017439796658579e-05,
        "batch_size": 16,
        "epochs": 430,
        "patience": 15
      },
      {
        "hidden_dim": 32,
        "n_layers": 7,
        "dropout": 0.7963547715843666,
        "learning_rate": 0.0017907195362396125,
        "weight_decay": 2.800627545528795e-05,
        "batch_size": 25,
        "epochs": 416,
        "patience": 13
      },
      {
        "hidden_dim": 50,
        "n_layers": 7,
        "dropout": 0.33129821150466526,
        "learning_rate": 0.0036285514704547917,
        "weight_decay": 2.3200928957285873e-05,
        "batch_size": 47,
        "epochs": 417,
        "patience": 19
      }
    ],
    "search_space": {
      "hidden_dim": [
        32,
        128
      ],
      "n_layers": [
        1,
        8
      ],
      "dropout": [
        0.1,
        0.8
      ],
      "learning_rate": [
        "1e-6",
        "1e-2"
      ],
      "weight_decay": [
        0.0,
        0.0001
      ],
      "batch_size": [
        16,
        64
      ],
      "epochs": [
        20,
        500
      ],
      "patience": [
        5,
        20
      ]
    }
  },
  "experiment": "residual_dnn_SCZ_p0.0001_low_0.8_1.0",
  "config": {
    "construct_gwas_mri": {
      "run": false
    },
    "plink2": {
      "prepare": false
    },
    "sampling": {
      "run": false
    },
    "data": {
      "illness": [
        "SCZ"
      ],
      "p_clump": [
        0.0001
      ],
      "distribution": [
        "low"
      ],
      "target": "Z",
      "test_size": 0.2,
      "n_splits": 10,
      "save_splits": true,
      "polars": true,
      "chunk_size": 10000,
      "row_ratio": [
        0.2,
        0.4,
        0.6,
        0.8,
        1.0
      ],
      "col_ratio": [
        0.2,
        0.4,
        0.6,
        0.8,
        1.0
      ],
      "top_rows": true,
      "top_cols": true,
      "mri_p_value": 0.05
    },
    "experiment": {
      "run": false
    },
    "model": {
      "name": "residual_dnn",
      "output_dim": 1,
      "dropout": 0.4,
      "learning_rate": 1e-05,
      "epochs": 300,
      "batch_size": 32,
      "patience": 20
    },
    "hpo": {
      "run": true,
      "n_trials": 30,
      "outer_cv": 5,
      "inner_cv": 5,
      "search_space": {
        "hidden_dim": [
          32,
          128
        ],
        "n_layers": [
          1,
          8
        ],
        "dropout": [
          0.1,
          0.8
        ],
        "learning_rate": [
          "1e-6",
          "1e-2"
        ],
        "weight_decay": [
          0.0,
          0.0001
        ],
        "batch_size": [
          16,
          64
        ],
        "epochs": [
          20,
          500
        ],
        "patience": [
          5,
          20
        ]
      }
    },
    "evaluation": {
      "metrics": [
        "r2",
        "mse"
      ],
      "binary_threshold": null
    }
  },
  "timestamp": "20260422_032302"
}