{
  "hpo": {
    "r2_scores": [
      0.29859834909439087,
      0.27427536249160767,
      0.3679932951927185,
      0.323111355304718,
      -0.10198235511779785
    ],
    "mean_r2": 0.23239920139312745,
    "std_r2": 0.17003612469119678,
    "pearson_corr_scores": [
      0.7375169992446899,
      0.604145884513855,
      0.661516010761261,
      0.6806793808937073,
      0.5206304788589478
    ],
    "pearson_r2_scores": [
      0.5439313054084778,
      0.36499226093292236,
      0.4376034438610077,
      0.4633244276046753,
      0.27105608582496643
    ],
    "pearson_p_values": [
      1.351852979466486e-14,
      4.735383640763757e-09,
      4.308222875670786e-11,
      9.725353335154896e-12,
      1.2117303640479804e-06
    ],
    "mean_pearson_corr": 0.6408977508544922,
    "std_pearson_corr": 0.0736992359161377,
    "mean_pearson_r2": 0.4161815047264099,
    "std_pearson_r2": 0.09239382296800613,
    "mean_pearson_p": 2.4330370251846034e-07,
    "std_pearson_p": 4.842167413698917e-07,
    "spearman_corr_scores": [
      0.3560110775300649,
      0.29452825655357295,
      0.10323918638015632,
      0.3461012671538987,
      0.05846823221794229
    ],
    "spearman_rank_scores": [
      0.12674388732411787,
      0.08674689390848729,
      0.010658329604436655,
      0.11978608712553437,
      0.003418534178691225
    ],
    "spearman_p_values": [
      0.0013793274008034623,
      0.008856538347579093,
      0.368402592058188,
      0.002047597288154212,
      0.6134904562279286
    ],
    "mean_spearman_corr": 0.23166960396712705,
    "std_spearman_corr": 0.12569781631344276,
    "mean_spearman_rank": 0.06947074642825349,
    "std_spearman_rank": 0.05278656375449982,
    "mean_spearman_p": 0.19883530226453067,
    "std_spearman_p": 0.2507979888496088,
    "fold_best_params": [
      {
        "hidden_dim": 81,
        "n_layers": 4,
        "dropout": 0.3750239070148089,
        "learning_rate": 0.0005750569896770591,
        "weight_decay": 1.3249230073400901e-05,
        "batch_size": 17,
        "epochs": 140,
        "patience": 11
      },
      {
        "hidden_dim": 38,
        "n_layers": 8,
        "dropout": 0.36669038133617676,
        "learning_rate": 0.001147099559790816,
        "weight_decay": 2.2257063219287932e-05,
        "batch_size": 19,
        "epochs": 496,
        "patience": 18
      },
      {
        "hidden_dim": 36,
        "n_layers": 8,
        "dropout": 0.23461421618697828,
        "learning_rate": 0.005233819751840338,
        "weight_decay": 2.1337920157840808e-07,
        "batch_size": 18,
        "epochs": 208,
        "patience": 11
      },
      {
        "hidden_dim": 75,
        "n_layers": 8,
        "dropout": 0.18122129692173525,
        "learning_rate": 0.004150016473239985,
        "weight_decay": 1.1784778791276823e-06,
        "batch_size": 20,
        "epochs": 442,
        "patience": 18
      },
      {
        "hidden_dim": 60,
        "n_layers": 3,
        "dropout": 0.6520754333236723,
        "learning_rate": 0.0026898011496948836,
        "weight_decay": 2.4340136088290794e-05,
        "batch_size": 24,
        "epochs": 472,
        "patience": 15
      }
    ],
    "search_space": {
      "hidden_dim": [
        32,
        128
      ],
      "n_layers": [
        1,
        8
      ],
      "dropout": [
        0.1,
        0.8
      ],
      "learning_rate": [
        "1e-6",
        "1e-2"
      ],
      "weight_decay": [
        0.0,
        0.0001
      ],
      "batch_size": [
        16,
        64
      ],
      "epochs": [
        20,
        500
      ],
      "patience": [
        5,
        20
      ]
    }
  },
  "experiment": "residual_dnn_SCZ_p0.0001_low_0.2_0.4",
  "config": {
    "construct_gwas_mri": {
      "run": false
    },
    "plink2": {
      "prepare": false
    },
    "sampling": {
      "run": false
    },
    "data": {
      "illness": [
        "SCZ"
      ],
      "p_clump": [
        0.0001
      ],
      "distribution": [
        "low"
      ],
      "target": "Z",
      "test_size": 0.2,
      "n_splits": 10,
      "save_splits": true,
      "polars": true,
      "chunk_size": 10000,
      "row_ratio": [
        0.2,
        0.4,
        0.6,
        0.8,
        1.0
      ],
      "col_ratio": [
        0.2,
        0.4,
        0.6,
        0.8,
        1.0
      ],
      "top_rows": true,
      "top_cols": true,
      "mri_p_value": 0.05
    },
    "experiment": {
      "run": false
    },
    "model": {
      "name": "residual_dnn",
      "output_dim": 1,
      "dropout": 0.4,
      "learning_rate": 1e-05,
      "epochs": 300,
      "batch_size": 32,
      "patience": 20
    },
    "hpo": {
      "run": true,
      "n_trials": 30,
      "outer_cv": 5,
      "inner_cv": 5,
      "search_space": {
        "hidden_dim": [
          32,
          128
        ],
        "n_layers": [
          1,
          8
        ],
        "dropout": [
          0.1,
          0.8
        ],
        "learning_rate": [
          "1e-6",
          "1e-2"
        ],
        "weight_decay": [
          0.0,
          0.0001
        ],
        "batch_size": [
          16,
          64
        ],
        "epochs": [
          20,
          500
        ],
        "patience": [
          5,
          20
        ]
      }
    },
    "evaluation": {
      "metrics": [
        "r2",
        "mse"
      ],
      "binary_threshold": null
    }
  },
  "timestamp": "20260421_164844"
}