{
  "hpo": {
    "r2_scores": [
      -72.55500030517578,
      -36.385536193847656,
      -32.90811538696289,
      -24.876632690429688,
      -27.992734909057617
    ],
    "mean_r2": -38.943603897094725,
    "std_r2": 17.265561160609806,
    "pearson_r2_scores": [
      6.894936632306781e-06,
      0.0018191422568634152,
      0.01691892184317112,
      0.007034425623714924,
      0.014103779569268227
    ],
    "pearson_p_values": [
      0.9689676761627197,
      0.5487233400344849,
      0.0611245259642601,
      0.23769454658031464,
      0.09230232983827591
    ],
    "mean_pearson_r2": 0.007976633496582508,
    "std_pearson_r2": 0.006630620453506708,
    "mean_pearson_p": 0.38176247477531433,
    "std_pearson_p": 0.3405986726284027,
    "spearman_rank_scores": [
      0.0026288176965235817,
      0.0012165357100251668,
      0.018157940934466068,
      0.006271528053482971,
      0.016477549141520866
    ],
    "spearman_p_values": [
      0.44718103574035195,
      0.6239080559612162,
      0.052311593508389376,
      0.2649834833522036,
      0.06866380076530774
    ],
    "mean_spearman_rank": 0.008950474307203731,
    "std_spearman_rank": 0.0070482366420569174,
    "mean_spearman_p": 0.2914095938654938,
    "std_spearman_p": 0.22013716216724985,
    "fold_best_params": [],
    "search_space": null
  },
  "experiment": "linear_regression_SCZ_p0.0001_low_0.6_0.8",
  "config": {
    "construct_gwas_mri": {
      "run": false
    },
    "plink2": {
      "prepare": false
    },
    "sampling": {
      "run": false
    },
    "data": {
      "illness": [
        "SCZ"
      ],
      "p_clump": [
        0.0001
      ],
      "distribution": [
        "low"
      ],
      "target": "Z",
      "test_size": 0.2,
      "n_splits": 10,
      "save_splits": true,
      "polars": true,
      "chunk_size": 10000,
      "row_ratio": [
        0.2,
        0.4,
        0.6,
        0.8,
        1.0
      ],
      "col_ratio": [
        0.2,
        0.4,
        0.6,
        0.8,
        1.0
      ],
      "top_rows": true,
      "top_cols": true,
      "mri_p_value": 0.05
    },
    "experiment": {
      "run": false
    },
    "model": {
      "name": "linear_regression"
    },
    "hpo": {
      "run": true,
      "outer_cv": 5
    },
    "evaluation": {
      "metrics": [
        "r2",
        "mse",
        "pearson_r2"
      ],
      "binary_threshold": null
    }
  },
  "timestamp": "20260422_105519"
}