{
  "hpo": {
    "r2_scores": [
      -0.1153421401977539,
      0.22898375988006592,
      0.3667301535606384,
      0.12045794725418091,
      0.24418127536773682
    ],
    "mean_r2": 0.16900219917297363,
    "std_r2": 0.16220620998914792,
    "pearson_corr_scores": [
      0.22063998878002167,
      0.5397519469261169,
      0.6521353125572205,
      0.5187249183654785,
      0.5096163153648376
    ],
    "pearson_r2_scores": [
      0.04868200421333313,
      0.2913321554660797,
      0.42528045177459717,
      0.26907554268836975,
      0.25970879197120667
    ],
    "pearson_p_values": [
      1.1234435987717006e-05,
      1.0207678850450205e-30,
      0.0,
      4.1479181731680525e-28,
      4.928117689946669e-27
    ],
    "mean_pearson_corr": 0.4881737232208252,
    "std_pearson_corr": 0.14318601787090302,
    "mean_pearson_r2": 0.25881579518318176,
    "std_pearson_r2": 0.12085533142089844,
    "mean_pearson_p": 2.246887106593931e-06,
    "std_pearson_p": 4.493774213187862e-06,
    "spearman_corr_scores": [
      0.10572844521421,
      0.1831006994988152,
      0.13775629197916467,
      0.09866110439601523,
      0.11105428360205019
    ],
    "spearman_rank_scores": [
      0.011178504127414206,
      0.03352586615695542,
      0.018976795979848866,
      0.009734013520641417,
      0.012333053906364595
    ],
    "spearman_p_values": [
      0.03712146106989826,
      0.0002881496756327855,
      0.00657378943634866,
      0.05215306071889184,
      0.028725920642331617
    ],
    "mean_spearman_corr": 0.12726016493805106,
    "std_spearman_corr": 0.030894937419987462,
    "mean_spearman_rank": 0.0171496467382449,
    "std_spearman_rank": 0.008779120268066367,
    "mean_spearman_p": 0.024972476308620633,
    "std_spearman_p": 0.019226533769391964,
    "fold_best_params": [
      {
        "hidden_dim": 33,
        "n_layers": 1,
        "dropout": 0.45180440662748556,
        "learning_rate": 0.002992799092191386,
        "weight_decay": 4.330216111875377e-05,
        "batch_size": 54,
        "epochs": 360,
        "patience": 20
      },
      {
        "hidden_dim": 38,
        "n_layers": 7,
        "dropout": 0.24940263810034824,
        "learning_rate": 0.003311175686599528,
        "weight_decay": 5.856214082848124e-05,
        "batch_size": 35,
        "epochs": 480,
        "patience": 15
      },
      {
        "hidden_dim": 46,
        "n_layers": 5,
        "dropout": 0.38612469201850474,
        "learning_rate": 0.002664314069654968,
        "weight_decay": 8.604989331039528e-05,
        "batch_size": 50,
        "epochs": 432,
        "patience": 17
      },
      {
        "hidden_dim": 70,
        "n_layers": 8,
        "dropout": 0.13081808373808074,
        "learning_rate": 0.000728700787309315,
        "weight_decay": 3.5148565616550507e-06,
        "batch_size": 17,
        "epochs": 280,
        "patience": 19
      },
      {
        "hidden_dim": 70,
        "n_layers": 7,
        "dropout": 0.5695141044285138,
        "learning_rate": 0.002793893526927608,
        "weight_decay": 2.863276886834766e-07,
        "batch_size": 25,
        "epochs": 82,
        "patience": 17
      }
    ],
    "search_space": {
      "hidden_dim": [
        32,
        128
      ],
      "n_layers": [
        1,
        8
      ],
      "dropout": [
        0.1,
        0.8
      ],
      "learning_rate": [
        "1e-6",
        "1e-2"
      ],
      "weight_decay": [
        0.0,
        0.0001
      ],
      "batch_size": [
        16,
        64
      ],
      "epochs": [
        20,
        500
      ],
      "patience": [
        5,
        20
      ]
    }
  },
  "experiment": "residual_dnn_SCZ_p0.0001_low_1.0_0.4",
  "config": {
    "construct_gwas_mri": {
      "run": false
    },
    "plink2": {
      "prepare": false
    },
    "sampling": {
      "run": false
    },
    "data": {
      "illness": [
        "SCZ"
      ],
      "p_clump": [
        0.0001
      ],
      "distribution": [
        "low"
      ],
      "target": "Z",
      "test_size": 0.2,
      "n_splits": 10,
      "save_splits": true,
      "polars": true,
      "chunk_size": 10000,
      "row_ratio": [
        0.2,
        0.4,
        0.6,
        0.8,
        1.0
      ],
      "col_ratio": [
        0.2,
        0.4,
        0.6,
        0.8,
        1.0
      ],
      "top_rows": true,
      "top_cols": true,
      "mri_p_value": 0.05
    },
    "experiment": {
      "run": false
    },
    "model": {
      "name": "residual_dnn",
      "output_dim": 1,
      "dropout": 0.4,
      "learning_rate": 1e-05,
      "epochs": 300,
      "batch_size": 32,
      "patience": 20
    },
    "hpo": {
      "run": true,
      "n_trials": 30,
      "outer_cv": 5,
      "inner_cv": 5,
      "search_space": {
        "hidden_dim": [
          32,
          128
        ],
        "n_layers": [
          1,
          8
        ],
        "dropout": [
          0.1,
          0.8
        ],
        "learning_rate": [
          "1e-6",
          "1e-2"
        ],
        "weight_decay": [
          0.0,
          0.0001
        ],
        "batch_size": [
          16,
          64
        ],
        "epochs": [
          20,
          500
        ],
        "patience": [
          5,
          20
        ]
      }
    },
    "evaluation": {
      "metrics": [
        "r2",
        "mse"
      ],
      "binary_threshold": null
    }
  },
  "timestamp": "20260422_055045"
}