{
  "hpo": {
    "r2_scores": [
      0.38216692209243774,
      0.2677041292190552,
      0.07665425539016724,
      0.17633146047592163,
      0.1986377239227295
    ],
    "mean_r2": 0.22029889822006227,
    "std_r2": 0.10147377843154183,
    "pearson_r2_scores": [
      0.3911876380443573,
      0.271811306476593,
      0.11317512392997742,
      0.18901582062244415,
      0.20790348947048187
    ],
    "pearson_p_values": [
      1.5383847529193417e-09,
      1.3726860288443277e-06,
      0.002965260064229369,
      0.00033088697819039226,
      0.0006811777711845934
    ],
    "mean_pearson_r2": 0.2346186637878418,
    "std_pearson_r2": 0.09320836514234543,
    "mean_pearson_p": 0.0007957398192957044,
    "std_pearson_p": 0.0011135751847177744,
    "spearman_rank_scores": [
      0.3163005257504664,
      0.19888063861885494,
      0.04532853465921062,
      0.11230477607709745,
      0.1166811809892868
    ],
    "spearman_p_values": [
      1.242295330041617e-07,
      5.4043810104416326e-05,
      0.064814720033016,
      0.00679213444109412,
      0.013198002330787518
    ],
    "mean_spearman_rank": 0.15789913121898325,
    "std_spearman_rank": 0.09297353342758309,
    "mean_spearman_p": 0.016971804968907014,
    "std_spearman_p": 0.02441745437175372,
    "fold_best_params": [],
    "search_space": null
  },
  "experiment": "tabpfn_SCZ_p0.0001_low_0.2_0.2",
  "config": {
    "construct_gwas_mri": {
      "run": false
    },
    "plink2": {
      "prepare": false
    },
    "sampling": {
      "run": false
    },
    "data": {
      "illness": [
        "SCZ"
      ],
      "p_clump": [
        0.0001
      ],
      "target": "Z",
      "distribution": [
        "low"
      ],
      "test_size": 0.2,
      "n_splits": 10,
      "save_splits": true,
      "polars": true,
      "sampling": false,
      "row_ratio": [
        0.2,
        0.4,
        0.6,
        0.8,
        1.0
      ],
      "col_ratio": [
        0.2,
        0.4,
        0.6,
        0.8,
        1.0
      ],
      "top_rows": true,
      "top_cols": true,
      "mri_p_value": 0.05
    },
    "experiment": {
      "run": false
    },
    "model": {
      "name": "tabpfn",
      "finetune": true,
      "device": "cuda",
      "epochs": 30,
      "learning_rate": "1e-5"
    },
    "hpo": {
      "run": true,
      "outer_cv": 5
    },
    "evaluation": {
      "metrics": [
        "r2",
        "mse",
        "stderr"
      ],
      "binary_threshold": null
    }
  },
  "timestamp": "20260423_014056"
}