{
  "hpo": {
    "r2_scores": [
      -4.797068119049072,
      -3.938833713531494,
      -3.8028831481933594,
      -5.697136402130127,
      -3.6993818283081055
    ],
    "mean_r2": -4.387060642242432,
    "std_r2": 0.7615087002775327,
    "pearson_r2_scores": [
      0.005362848751246929,
      0.031584154814481735,
      0.011205109767615795,
      0.00017612683586776257,
      0.009258044883608818
    ],
    "pearson_p_values": [
      0.27729150652885437,
      0.01181400753557682,
      0.12807705998420715,
      0.8520395159721375,
      0.17313452064990997
    ],
    "mean_pearson_r2": 0.011517258360981941,
    "std_pearson_r2": 0.010718021541833878,
    "mean_pearson_p": 0.2884713113307953,
    "std_pearson_p": 0.2943814992904663,
    "spearman_rank_scores": [
      0.00017661055000205495,
      0.019398495537652827,
      0.007710358039233312,
      0.0007794536961976517,
      0.008694935516326776
    ],
    "spearman_p_values": [
      0.8439059302897038,
      0.04918937388731226,
      0.20723674559189534,
      0.694739256868956,
      0.18685606660745724
    ],
    "mean_spearman_rank": 0.007351970667882524,
    "std_spearman_rank": 0.006953193937960459,
    "mean_spearman_p": 0.396385474649065,
    "std_spearman_p": 0.31289438617657983,
    "fold_best_params": [],
    "search_space": null
  },
  "experiment": "linear_regression_SCZ_p0.0001_low_0.6_1.0",
  "config": {
    "construct_gwas_mri": {
      "run": false
    },
    "plink2": {
      "prepare": false
    },
    "sampling": {
      "run": false
    },
    "data": {
      "illness": [
        "SCZ"
      ],
      "p_clump": [
        0.0001
      ],
      "distribution": [
        "low"
      ],
      "target": "Z",
      "test_size": 0.2,
      "n_splits": 10,
      "save_splits": true,
      "polars": true,
      "chunk_size": 10000,
      "row_ratio": [
        0.2,
        0.4,
        0.6,
        0.8,
        1.0
      ],
      "col_ratio": [
        0.2,
        0.4,
        0.6,
        0.8,
        1.0
      ],
      "top_rows": true,
      "top_cols": true,
      "mri_p_value": 0.05
    },
    "experiment": {
      "run": false
    },
    "model": {
      "name": "linear_regression"
    },
    "hpo": {
      "run": true,
      "outer_cv": 5
    },
    "evaluation": {
      "metrics": [
        "r2",
        "mse",
        "pearson_r2"
      ],
      "binary_threshold": null
    }
  },
  "timestamp": "20260422_105522"
}