{
  "hpo": {
    "r2_scores": [
      0.1516127586364746,
      0.16263526678085327,
      0.1987207531929016,
      0.21001505851745605,
      0.16874629259109497
    ],
    "mean_r2": 0.1783460259437561,
    "std_r2": 0.022233792071847017,
    "pearson_r2_scores": [
      0.15251775085926056,
      0.176272913813591,
      0.23519133031368256,
      0.21386776864528656,
      0.17918667197227478
    ],
    "pearson_p_values": [
      2.596743797766976e-06,
      1.8099490262102336e-06,
      1.6616966691529456e-09,
      5.366417532570722e-09,
      2.8295855258875235e-07
    ],
    "mean_pearson_r2": 0.19140729308128357,
    "std_pearson_r2": 0.029367683455348015,
    "mean_pearson_p": 9.393358482157055e-07,
    "std_pearson_p": 1.0665205536497524e-06,
    "spearman_rank_scores": [
      0.0943331761263812,
      0.1269861317689468,
      0.19046608447042157,
      0.10131446203100844,
      0.13641430017582182
    ],
    "spearman_p_values": [
      0.00027577042065407624,
      6.476816181322054e-05,
      8.749012630680247e-08,
      0.00010110830360675239,
      9.645218212320946e-06
    ],
    "mean_spearman_rank": 0.12990283091451596,
    "std_spearman_rank": 0.03406261652982691,
    "mean_spearman_p": 9.027591888253538e-05,
    "std_spearman_p": 9.98112809146139e-05,
    "fold_best_params": [],
    "search_space": null
  },
  "experiment": "tabpfn_SCZ_p0.0001_low_0.4_0.4",
  "config": {
    "construct_gwas_mri": {
      "run": false
    },
    "plink2": {
      "prepare": false
    },
    "sampling": {
      "run": false
    },
    "data": {
      "illness": [
        "SCZ"
      ],
      "p_clump": [
        0.0001
      ],
      "target": "Z",
      "distribution": [
        "low"
      ],
      "test_size": 0.2,
      "n_splits": 10,
      "save_splits": true,
      "polars": true,
      "sampling": false,
      "row_ratio": [
        0.2,
        0.4,
        0.6,
        0.8,
        1.0
      ],
      "col_ratio": [
        0.2,
        0.4,
        0.6,
        0.8,
        1.0
      ],
      "top_rows": true,
      "top_cols": true,
      "mri_p_value": 0.05
    },
    "experiment": {
      "run": false
    },
    "model": {
      "name": "tabpfn",
      "finetune": true,
      "device": "cuda",
      "epochs": 30,
      "learning_rate": "1e-5"
    },
    "hpo": {
      "run": true,
      "outer_cv": 5
    },
    "evaluation": {
      "metrics": [
        "r2",
        "mse",
        "stderr"
      ],
      "binary_threshold": null
    }
  },
  "timestamp": "20260423_015017"
}