{
  "hpo": {
    "r2_scores": [
      -0.3936126232147217,
      0.4619308114051819,
      0.28782135248184204,
      0.18396997451782227,
      0.07763046026229858
    ],
    "mean_r2": 0.12354799509048461,
    "std_r2": 0.2879940996111321,
    "pearson_corr_scores": [
      0.2917400896549225,
      0.7177495360374451,
      0.5814204812049866,
      0.4755546748638153,
      0.5171737670898438
    ],
    "pearson_r2_scores": [
      0.08511228114366531,
      0.5151643753051758,
      0.3380497694015503,
      0.22615225613117218,
      0.2674686908721924
    ],
    "pearson_p_values": [
      5.949884780420689e-06,
      3.5327306015402083e-38,
      1.8068753011181614e-22,
      1.4997319724529938e-14,
      2.86413603202201e-17
    ],
    "mean_pearson_corr": 0.5167277455329895,
    "std_pearson_corr": 0.13921909034252167,
    "mean_pearson_r2": 0.28638947010040283,
    "std_pearson_r2": 0.14107143878936768,
    "mean_pearson_p": 1.1899769560841378e-06,
    "std_pearson_p": 2.3799536847946e-06,
    "spearman_corr_scores": [
      0.11318322147953756,
      0.11280799019440427,
      0.06308864022900815,
      0.20903109026536582,
      0.21560709528742672
    ],
    "spearman_rank_scores": [
      0.012810441624486054,
      0.01272564265170081,
      0.003980176525945225,
      0.043693996697527514,
      0.046486419538281504
    ],
    "spearman_p_values": [
      0.08472244232516762,
      0.08576614555998448,
      0.3376682587966348,
      0.0013315772869686346,
      0.0009489107344895703
    ],
    "mean_spearman_corr": 0.1427436074911485,
    "std_spearman_corr": 0.0596958786517223,
    "mean_spearman_rank": 0.023939335407588223,
    "std_spearman_rank": 0.01758740942150644,
    "mean_spearman_p": 0.10208746694064903,
    "std_spearman_p": 0.12365031011232573,
    "fold_best_params": [
      {
        "hidden_dim": 32,
        "n_layers": 7,
        "dropout": 0.18222113547464147,
        "learning_rate": 0.00445224400081532,
        "weight_decay": 9.202025559873904e-06,
        "batch_size": 28,
        "epochs": 132,
        "patience": 14
      },
      {
        "hidden_dim": 45,
        "n_layers": 7,
        "dropout": 0.44658216513417365,
        "learning_rate": 0.0020557413788942673,
        "weight_decay": 7.84080912961852e-05,
        "batch_size": 20,
        "epochs": 164,
        "patience": 18
      },
      {
        "hidden_dim": 52,
        "n_layers": 3,
        "dropout": 0.16610977368293292,
        "learning_rate": 0.004425398977189043,
        "weight_decay": 1.599859720906019e-05,
        "batch_size": 16,
        "epochs": 487,
        "patience": 20
      },
      {
        "hidden_dim": 60,
        "n_layers": 5,
        "dropout": 0.7909407242181338,
        "learning_rate": 0.002858871785932612,
        "weight_decay": 2.961528126981784e-05,
        "batch_size": 33,
        "epochs": 218,
        "patience": 17
      },
      {
        "hidden_dim": 48,
        "n_layers": 8,
        "dropout": 0.4287270036974768,
        "learning_rate": 0.0013702378796061417,
        "weight_decay": 4.768701243145851e-05,
        "batch_size": 27,
        "epochs": 98,
        "patience": 18
      }
    ],
    "search_space": {
      "hidden_dim": [
        32,
        128
      ],
      "n_layers": [
        1,
        8
      ],
      "dropout": [
        0.1,
        0.8
      ],
      "learning_rate": [
        "1e-6",
        "1e-2"
      ],
      "weight_decay": [
        0.0,
        0.0001
      ],
      "batch_size": [
        16,
        64
      ],
      "epochs": [
        20,
        500
      ],
      "patience": [
        5,
        20
      ]
    }
  },
  "experiment": "residual_dnn_SCZ_p0.0001_low_0.6_0.8",
  "config": {
    "construct_gwas_mri": {
      "run": false
    },
    "plink2": {
      "prepare": false
    },
    "sampling": {
      "run": false
    },
    "data": {
      "illness": [
        "SCZ"
      ],
      "p_clump": [
        0.0001
      ],
      "distribution": [
        "low"
      ],
      "target": "Z",
      "test_size": 0.2,
      "n_splits": 10,
      "save_splits": true,
      "polars": true,
      "chunk_size": 10000,
      "row_ratio": [
        0.2,
        0.4,
        0.6,
        0.8,
        1.0
      ],
      "col_ratio": [
        0.2,
        0.4,
        0.6,
        0.8,
        1.0
      ],
      "top_rows": true,
      "top_cols": true,
      "mri_p_value": 0.05
    },
    "experiment": {
      "run": false
    },
    "model": {
      "name": "residual_dnn",
      "output_dim": 1,
      "dropout": 0.4,
      "learning_rate": 1e-05,
      "epochs": 300,
      "batch_size": 32,
      "patience": 20
    },
    "hpo": {
      "run": true,
      "n_trials": 30,
      "outer_cv": 5,
      "inner_cv": 5,
      "search_space": {
        "hidden_dim": [
          32,
          128
        ],
        "n_layers": [
          1,
          8
        ],
        "dropout": [
          0.1,
          0.8
        ],
        "learning_rate": [
          "1e-6",
          "1e-2"
        ],
        "weight_decay": [
          0.0,
          0.0001
        ],
        "batch_size": [
          16,
          64
        ],
        "epochs": [
          20,
          500
        ],
        "patience": [
          5,
          20
        ]
      }
    },
    "evaluation": {
      "metrics": [
        "r2",
        "mse"
      ],
      "binary_threshold": null
    }
  },
  "timestamp": "20260421_213138"
}