{
  "hpo": {
    "r2_scores": [
      -1.9141621589660645,
      -1.6463241577148438,
      -1.5622642040252686,
      -1.854921579360962,
      -1.535048246383667
    ],
    "mean_r2": -1.7025440692901612,
    "std_r2": 0.15420446893709158,
    "pearson_r2_scores": [
      0.03530661016702652,
      0.04516184329986572,
      0.08083721995353699,
      0.05973643437027931,
      0.05998116359114647
    ],
    "pearson_p_values": [
      0.02848055772483349,
      0.01979121007025242,
      0.0007258146069943905,
      0.0031544428784400225,
      0.004057491198182106
    ],
    "mean_pearson_r2": 0.056204654276371,
    "std_pearson_r2": 0.015441312454640865,
    "mean_pearson_p": 0.011241902597248554,
    "std_pearson_p": 0.010935015045106411,
    "spearman_rank_scores": [
      0.010324134397129429,
      0.05352897155117522,
      0.08516830712715594,
      0.038471833414012925,
      0.05307505035221163
    ],
    "spearman_p_values": [
      0.2391749520919167,
      0.01100544735674687,
      0.0005146093360562427,
      0.018466494701286394,
      0.006970107128339876
    ],
    "mean_spearman_rank": 0.048113659368337024,
    "std_spearman_rank": 0.024281684176949554,
    "mean_spearman_p": 0.05522632212286922,
    "std_spearman_p": 0.09215845370480143,
    "fold_best_params": [],
    "search_space": null
  },
  "experiment": "linear_regression_SCZ_p0.0001_low_0.4_0.8",
  "config": {
    "construct_gwas_mri": {
      "run": false
    },
    "plink2": {
      "prepare": false
    },
    "sampling": {
      "run": false
    },
    "data": {
      "illness": [
        "SCZ"
      ],
      "p_clump": [
        0.0001
      ],
      "distribution": [
        "low"
      ],
      "target": "Z",
      "test_size": 0.2,
      "n_splits": 10,
      "save_splits": true,
      "polars": true,
      "chunk_size": 10000,
      "row_ratio": [
        0.2,
        0.4,
        0.6,
        0.8,
        1.0
      ],
      "col_ratio": [
        0.2,
        0.4,
        0.6,
        0.8,
        1.0
      ],
      "top_rows": true,
      "top_cols": true,
      "mri_p_value": 0.05
    },
    "experiment": {
      "run": false
    },
    "model": {
      "name": "linear_regression"
    },
    "hpo": {
      "run": true,
      "outer_cv": 5
    },
    "evaluation": {
      "metrics": [
        "r2",
        "mse",
        "pearson_r2"
      ],
      "binary_threshold": null
    }
  },
  "timestamp": "20260422_105505"
}