{
  "hpo": {
    "r2_scores": [
      0.04974478483200073,
      0.20562243461608887,
      0.18837100267410278,
      0.05575603246688843,
      0.08006978034973145
    ],
    "mean_r2": 0.11591280698776245,
    "std_r2": 0.06720085512352983,
    "pearson_r2_scores": [
      0.06377804279327393,
      0.20830480754375458,
      0.19632089138031006,
      0.06785181164741516,
      0.09683582931756973
    ],
    "pearson_p_values": [
      0.00014272240514401346,
      1.1042195803556698e-11,
      2.0575251571952613e-11,
      0.0001951432932401076,
      6.552065315190703e-06
    ],
    "mean_pearson_r2": 0.12661829590797424,
    "std_pearson_r2": 0.062961146235466,
    "mean_pearson_p": 6.888355710543692e-05,
    "std_pearson_p": 8.338920451933518e-05,
    "spearman_rank_scores": [
      0.045486277666813894,
      0.09391997587609387,
      0.12731531313194944,
      0.031186823563936438,
      0.06554179362167376
    ],
    "spearman_p_values": [
      0.0013903456876799736,
      1.016889551371435e-05,
      1.2219347229648113e-07,
      0.012366508299586057,
      0.000235529983486317
    ],
    "mean_spearman_rank": 0.07269003677209347,
    "std_spearman_rank": 0.0344914184340034,
    "mean_spearman_p": 0.0028005350119476714,
    "std_spearman_p": 0.00481049237986603,
    "fold_best_params": [],
    "search_space": null
  },
  "experiment": "tabpfn_SCZ_p0.0001_low_0.6_0.4",
  "config": {
    "construct_gwas_mri": {
      "run": false
    },
    "plink2": {
      "prepare": false
    },
    "sampling": {
      "run": false
    },
    "data": {
      "illness": [
        "SCZ"
      ],
      "p_clump": [
        0.0001
      ],
      "target": "Z",
      "distribution": [
        "low"
      ],
      "test_size": 0.2,
      "n_splits": 10,
      "save_splits": true,
      "polars": true,
      "sampling": false,
      "row_ratio": [
        0.2,
        0.4,
        0.6,
        0.8,
        1.0
      ],
      "col_ratio": [
        0.2,
        0.4,
        0.6,
        0.8,
        1.0
      ],
      "top_rows": true,
      "top_cols": true,
      "mri_p_value": 0.05
    },
    "experiment": {
      "run": false
    },
    "model": {
      "name": "tabpfn",
      "finetune": true,
      "device": "cuda",
      "epochs": 30,
      "learning_rate": "1e-5"
    },
    "hpo": {
      "run": true,
      "outer_cv": 5
    },
    "evaluation": {
      "metrics": [
        "r2",
        "mse",
        "stderr"
      ],
      "binary_threshold": null
    }
  },
  "timestamp": "20260423_015954"
}