{
  "hpo": {
    "r2_scores": [
      -0.17873692512512207,
      0.3704468607902527,
      0.36930155754089355,
      0.3361865282058716,
      0.1560971736907959
    ],
    "mean_r2": 0.21065903902053834,
    "std_r2": 0.21026790589662256,
    "pearson_corr_scores": [
      0.3167124092578888,
      0.6679797768592834,
      0.6693831086158752,
      0.5957673788070679,
      0.4889073967933655
    ],
    "pearson_r2_scores": [
      0.10030674934387207,
      0.446196973323822,
      0.44807374477386475,
      0.3549387753009796,
      0.23903043568134308
    ],
    "pearson_p_values": [
      7.971642617121688e-07,
      1.778949069496294e-31,
      1.1994760812711533e-31,
      8.916030172639921e-24,
      2.4146236937271515e-15
    ],
    "mean_pearson_corr": 0.5477499961853027,
    "std_pearson_corr": 0.1329633742570877,
    "mean_pearson_r2": 0.317709356546402,
    "std_pearson_r2": 0.13292421400547028,
    "mean_pearson_p": 1.5943285802677565e-07,
    "std_pearson_p": 3.188657444752607e-07,
    "spearman_corr_scores": [
      0.11616351233182827,
      0.09112487335071322,
      0.2596957331730714,
      0.3191960474038319,
      0.17446649842683581
    ],
    "spearman_rank_scores": [
      0.013493961597266818,
      0.008303742543183524,
      0.06744187382829908,
      0.1018861166782293,
      0.030438559073321103
    ],
    "spearman_p_values": [
      0.07679072364428989,
      0.16563512990071289,
      6.025478268521061e-05,
      6.460508467835659e-07,
      0.007733249161248948
    ],
    "mean_spearman_corr": 0.19212933293725612,
    "std_spearman_corr": 0.08601842924132572,
    "mean_spearman_rank": 0.04431285074405997,
    "std_spearman_rank": 0.035464315671354316,
    "mean_spearman_p": 0.05004400070795675,
    "std_spearman_p": 0.06460589483072893,
    "fold_best_params": [
      {
        "hidden_dim": 71,
        "n_layers": 8,
        "dropout": 0.10465198357997525,
        "learning_rate": 0.0002779469605106911,
        "weight_decay": 1.2787829440723134e-05,
        "batch_size": 31,
        "epochs": 222,
        "patience": 17
      },
      {
        "hidden_dim": 56,
        "n_layers": 8,
        "dropout": 0.3704404163149619,
        "learning_rate": 0.0007286225727900557,
        "weight_decay": 4.6928614956904486e-05,
        "batch_size": 52,
        "epochs": 156,
        "patience": 16
      },
      {
        "hidden_dim": 41,
        "n_layers": 7,
        "dropout": 0.2880594593345497,
        "learning_rate": 0.0044224166016176856,
        "weight_decay": 9.017439796658579e-05,
        "batch_size": 16,
        "epochs": 430,
        "patience": 15
      },
      {
        "hidden_dim": 42,
        "n_layers": 5,
        "dropout": 0.3442280472755199,
        "learning_rate": 0.003896281197172494,
        "weight_decay": 3.317979468079477e-05,
        "batch_size": 16,
        "epochs": 282,
        "patience": 19
      },
      {
        "hidden_dim": 45,
        "n_layers": 5,
        "dropout": 0.23191319932984814,
        "learning_rate": 0.0005347918079346735,
        "weight_decay": 7.543161008689804e-05,
        "batch_size": 35,
        "epochs": 102,
        "patience": 14
      }
    ],
    "search_space": {
      "hidden_dim": [
        32,
        128
      ],
      "n_layers": [
        1,
        8
      ],
      "dropout": [
        0.1,
        0.8
      ],
      "learning_rate": [
        "1e-6",
        "1e-2"
      ],
      "weight_decay": [
        0.0,
        0.0001
      ],
      "batch_size": [
        16,
        64
      ],
      "epochs": [
        20,
        500
      ],
      "patience": [
        5,
        20
      ]
    }
  },
  "experiment": "residual_dnn_SCZ_p0.0001_low_0.6_0.2",
  "config": {
    "construct_gwas_mri": {
      "run": false
    },
    "plink2": {
      "prepare": false
    },
    "sampling": {
      "run": false
    },
    "data": {
      "illness": [
        "SCZ"
      ],
      "p_clump": [
        0.0001
      ],
      "distribution": [
        "low"
      ],
      "target": "Z",
      "test_size": 0.2,
      "n_splits": 10,
      "save_splits": true,
      "polars": true,
      "chunk_size": 10000,
      "row_ratio": [
        0.2,
        0.4,
        0.6,
        0.8,
        1.0
      ],
      "col_ratio": [
        0.2,
        0.4,
        0.6,
        0.8,
        1.0
      ],
      "top_rows": true,
      "top_cols": true,
      "mri_p_value": 0.05
    },
    "experiment": {
      "run": false
    },
    "model": {
      "name": "residual_dnn",
      "output_dim": 1,
      "dropout": 0.4,
      "learning_rate": 1e-05,
      "epochs": 300,
      "batch_size": 32,
      "patience": 20
    },
    "hpo": {
      "run": true,
      "n_trials": 30,
      "outer_cv": 5,
      "inner_cv": 5,
      "search_space": {
        "hidden_dim": [
          32,
          128
        ],
        "n_layers": [
          1,
          8
        ],
        "dropout": [
          0.1,
          0.8
        ],
        "learning_rate": [
          "1e-6",
          "1e-2"
        ],
        "weight_decay": [
          0.0,
          0.0001
        ],
        "batch_size": [
          16,
          64
        ],
        "epochs": [
          20,
          500
        ],
        "patience": [
          5,
          20
        ]
      }
    },
    "evaluation": {
      "metrics": [
        "r2",
        "mse"
      ],
      "binary_threshold": null
    }
  },
  "timestamp": "20260421_193337"
}