{
  "hpo": {
    "r2_scores": [
      -0.7896772623062134,
      -1.0548667907714844,
      -1.0263056755065918,
      -0.8705008029937744,
      -1.2408239841461182
    ],
    "mean_r2": -0.9964349031448364,
    "std_r2": 0.1566146168604724,
    "pearson_r2_scores": [
      0.05160960182547569,
      0.02159150131046772,
      0.020436611026525497,
      0.03822293505072594,
      0.03606979548931122
    ],
    "pearson_p_values": [
      2.934114854724612e-05,
      0.00847417302429676,
      0.013825295493006706,
      0.00025335318059660494,
      0.0003137634485028684
    ],
    "mean_pearson_r2": 0.03358609229326248,
    "std_pearson_r2": 0.01156974583864212,
    "mean_pearson_p": 0.004579185042530298,
    "std_pearson_p": 0.005626174621284008,
    "spearman_rank_scores": [
      0.0418148503258909,
      0.01838858001524567,
      0.016583699626527837,
      0.020859655823091832,
      0.0382312869800732
    ],
    "spearman_p_values": [
      0.00017571562564353438,
      0.015203403019551805,
      0.026730325634263887,
      0.007125305418906501,
      0.00020551684511079486
    ],
    "mean_spearman_rank": 0.027175614554165888,
    "std_spearman_rank": 0.010637923568857314,
    "mean_spearman_p": 0.009888053308695305,
    "std_spearman_p": 0.010075999912446598,
    "fold_best_params": [],
    "search_space": null
  },
  "experiment": "linear_regression_SCZ_p0.0001_low_1.0_0.8",
  "config": {
    "construct_gwas_mri": {
      "run": false
    },
    "plink2": {
      "prepare": false
    },
    "sampling": {
      "run": false
    },
    "data": {
      "illness": [
        "SCZ"
      ],
      "p_clump": [
        0.0001
      ],
      "distribution": [
        "low"
      ],
      "target": "Z",
      "test_size": 0.2,
      "n_splits": 10,
      "save_splits": true,
      "polars": true,
      "chunk_size": 10000,
      "row_ratio": [
        0.2,
        0.4,
        0.6,
        0.8,
        1.0
      ],
      "col_ratio": [
        0.2,
        0.4,
        0.6,
        0.8,
        1.0
      ],
      "top_rows": true,
      "top_cols": true,
      "mri_p_value": 0.05
    },
    "experiment": {
      "run": false
    },
    "model": {
      "name": "linear_regression"
    },
    "hpo": {
      "run": true,
      "outer_cv": 5
    },
    "evaluation": {
      "metrics": [
        "r2",
        "mse",
        "pearson_r2"
      ],
      "binary_threshold": null
    }
  },
  "timestamp": "20260422_105549"
}