{
  "hpo": {
    "r2_scores": [
      0.27379512786865234,
      0.23923230171203613,
      0.150779128074646,
      0.26202505826950073,
      0.2476271390914917
    ],
    "mean_r2": 0.2346917510032654,
    "std_r2": 0.043601497499236246,
    "pearson_r2_scores": [
      0.29139244556427,
      0.24412214756011963,
      0.16544070839881897,
      0.26509183645248413,
      0.25713932514190674
    ],
    "pearson_p_values": [
      4.849297852160817e-07,
      5.735238573834067e-06,
      0.0002662210608832538,
      1.3438861060421914e-05,
      0.00012483894533943385
    ],
    "mean_pearson_r2": 0.24463729560375214,
    "std_pearson_r2": 0.04250435158610344,
    "mean_pearson_p": 8.214380068238825e-05,
    "std_pearson_p": 0.00010289229976478964,
    "spearman_rank_scores": [
      0.15561218388044307,
      0.25767247124210824,
      0.07502282008382669,
      0.17015624999999998,
      0.18588590906380417
    ],
    "spearman_p_values": [
      0.0004216967017228679,
      2.8654488208277708e-06,
      0.01665496640828726,
      0.0007062693155692548,
      0.001418035954003274
    ],
    "mean_spearman_rank": 0.16886992685403643,
    "std_spearman_rank": 0.058583508542058904,
    "mean_spearman_p": 0.003840766765680696,
    "std_spearman_p": 0.006423673994707261,
    "fold_best_params": [],
    "search_space": null
  },
  "experiment": "tabpfn_SCZ_p0.0001_low_0.2_1.0",
  "config": {
    "construct_gwas_mri": {
      "run": false
    },
    "plink2": {
      "prepare": false
    },
    "sampling": {
      "run": false
    },
    "data": {
      "illness": [
        "SCZ"
      ],
      "p_clump": [
        0.0001
      ],
      "target": "Z",
      "distribution": [
        "low"
      ],
      "test_size": 0.2,
      "n_splits": 10,
      "save_splits": true,
      "polars": true,
      "sampling": false,
      "row_ratio": [
        0.2,
        0.4,
        0.6,
        0.8,
        1.0
      ],
      "col_ratio": [
        0.2,
        0.4,
        0.6,
        0.8,
        1.0
      ],
      "top_rows": true,
      "top_cols": true,
      "mri_p_value": 0.05
    },
    "experiment": {
      "run": false
    },
    "model": {
      "name": "tabpfn",
      "finetune": true,
      "device": "cuda",
      "epochs": 30,
      "learning_rate": "1e-5"
    },
    "hpo": {
      "run": true,
      "outer_cv": 5
    },
    "evaluation": {
      "metrics": [
        "r2",
        "mse",
        "stderr"
      ],
      "binary_threshold": null
    }
  },
  "timestamp": "20260423_014657"
}