{
  "hpo": {
    "r2_scores": [
      -0.2049487829208374,
      -0.2750507593154907,
      0.38294732570648193,
      0.38496559858322144,
      0.29031306505203247
    ],
    "mean_r2": 0.11564528942108154,
    "std_r2": 0.2932291258018282,
    "pearson_corr_scores": [
      0.22521169483661652,
      0.20874585211277008,
      0.6920258402824402,
      0.6230061650276184,
      0.5760281085968018
    ],
    "pearson_r2_scores": [
      0.05072030797600746,
      0.04357483237981796,
      0.4788997769355774,
      0.38813668489456177,
      0.3318083882331848
    ],
    "pearson_p_values": [
      6.142761412775144e-05,
      0.0002094203227898106,
      2.802596928649634e-45,
      1.012574622012535e-34,
      8.488852804621351e-29
    ],
    "mean_pearson_corr": 0.4650035500526428,
    "std_pearson_corr": 0.20591190457344055,
    "mean_pearson_r2": 0.2586279809474945,
    "std_pearson_r2": 0.17895306646823883,
    "mean_pearson_p": 5.416958447312936e-05,
    "std_pearson_p": 8.118928963085636e-05,
    "spearman_corr_scores": [
      0.005422755406424152,
      -0.014406823104614217,
      0.20088138963174262,
      0.10221980804469147,
      0.17881531965600783
    ],
    "spearman_rank_scores": [
      2.9406276197902368e-05,
      0.00020755655196764603,
      0.040353332700379996,
      0.01044888915669357,
      0.03197491854368026
    ],
    "spearman_p_values": [
      0.9241186785069884,
      0.8002240400188376,
      0.00037235566377802185,
      0.07230305272608298,
      0.0015713885108791274
    ],
    "mean_spearman_corr": 0.09458648992685037,
    "std_spearman_corr": 0.08749980896608694,
    "mean_spearman_rank": 0.016602820645783875,
    "std_spearman_rank": 0.016623729052065436,
    "mean_spearman_p": 0.35971790308531326,
    "std_spearman_p": 0.4129405130362489,
    "fold_best_params": [
      {
        "hidden_dim": 48,
        "n_layers": 3,
        "dropout": 0.3689823577918288,
        "learning_rate": 0.006909841325910698,
        "weight_decay": 2.6318122265330413e-05,
        "batch_size": 49,
        "epochs": 237,
        "patience": 14
      },
      {
        "hidden_dim": 38,
        "n_layers": 7,
        "dropout": 0.4479030306551294,
        "learning_rate": 0.004683792453345177,
        "weight_decay": 4.2649530353889235e-05,
        "batch_size": 24,
        "epochs": 500,
        "patience": 10
      },
      {
        "hidden_dim": 86,
        "n_layers": 4,
        "dropout": 0.13409787548345575,
        "learning_rate": 0.003485695239589101,
        "weight_decay": 5.338874995235356e-07,
        "batch_size": 29,
        "epochs": 432,
        "patience": 20
      },
      {
        "hidden_dim": 49,
        "n_layers": 3,
        "dropout": 0.7601848343415576,
        "learning_rate": 0.00289069709480287,
        "weight_decay": 8.297488947957186e-05,
        "batch_size": 42,
        "epochs": 229,
        "patience": 16
      },
      {
        "hidden_dim": 81,
        "n_layers": 5,
        "dropout": 0.27875678307738655,
        "learning_rate": 0.00428039019832368,
        "weight_decay": 2.2580967302571596e-05,
        "batch_size": 49,
        "epochs": 432,
        "patience": 20
      }
    ],
    "search_space": {
      "hidden_dim": [
        32,
        128
      ],
      "n_layers": [
        1,
        8
      ],
      "dropout": [
        0.1,
        0.8
      ],
      "learning_rate": [
        "1e-6",
        "1e-2"
      ],
      "weight_decay": [
        0.0,
        0.0001
      ],
      "batch_size": [
        16,
        64
      ],
      "epochs": [
        20,
        500
      ],
      "patience": [
        5,
        20
      ]
    }
  },
  "experiment": "residual_dnn_SCZ_p0.0001_low_0.8_0.8",
  "config": {
    "construct_gwas_mri": {
      "run": false
    },
    "plink2": {
      "prepare": false
    },
    "sampling": {
      "run": false
    },
    "data": {
      "illness": [
        "SCZ"
      ],
      "p_clump": [
        0.0001
      ],
      "distribution": [
        "low"
      ],
      "target": "Z",
      "test_size": 0.2,
      "n_splits": 10,
      "save_splits": true,
      "polars": true,
      "chunk_size": 10000,
      "row_ratio": [
        0.2,
        0.4,
        0.6,
        0.8,
        1.0
      ],
      "col_ratio": [
        0.2,
        0.4,
        0.6,
        0.8,
        1.0
      ],
      "top_rows": true,
      "top_cols": true,
      "mri_p_value": 0.05
    },
    "experiment": {
      "run": false
    },
    "model": {
      "name": "residual_dnn",
      "output_dim": 1,
      "dropout": 0.4,
      "learning_rate": 1e-05,
      "epochs": 300,
      "batch_size": 32,
      "patience": 20
    },
    "hpo": {
      "run": true,
      "n_trials": 30,
      "outer_cv": 5,
      "inner_cv": 5,
      "search_space": {
        "hidden_dim": [
          32,
          128
        ],
        "n_layers": [
          1,
          8
        ],
        "dropout": [
          0.1,
          0.8
        ],
        "learning_rate": [
          "1e-6",
          "1e-2"
        ],
        "weight_decay": [
          0.0,
          0.0001
        ],
        "batch_size": [
          16,
          64
        ],
        "epochs": [
          20,
          500
        ],
        "patience": [
          5,
          20
        ]
      }
    },
    "evaluation": {
      "metrics": [
        "r2",
        "mse"
      ],
      "binary_threshold": null
    }
  },
  "timestamp": "20260422_021840"
}