{
  "hpo": {
    "r2_scores": [
      -0.044680118560791016,
      0.12685781717300415,
      0.2984921336174011,
      0.4458012580871582,
      0.01089388132095337
    ],
    "mean_r2": 0.16747299432754517,
    "std_r2": 0.18210337274258942,
    "pearson_corr_scores": [
      0.5388577580451965,
      0.5463551878929138,
      0.6797165274620056,
      0.7071792483329773,
      0.5817212462425232
    ],
    "pearson_r2_scores": [
      0.2903676927089691,
      0.2985039949417114,
      0.4620145559310913,
      0.5001024603843689,
      0.33839961886405945
    ],
    "pearson_p_values": [
      3.590881476611685e-07,
      2.2874110072734766e-07,
      7.776615289223354e-12,
      6.54629670783502e-13,
      2.885149719134006e-08
    ],
    "mean_pearson_corr": 0.6107660531997681,
    "std_pearson_corr": 0.0695885568857193,
    "mean_pearson_r2": 0.3778776526451111,
    "std_pearson_r2": 0.08664249628782272,
    "mean_pearson_p": 1.2333785548435117e-07,
    "std_pearson_p": 1.4562834849130013e-07,
    "spearman_corr_scores": [
      0.24910532505469213,
      0.3481455253607152,
      0.33105079130893095,
      0.39221305010778695,
      0.17666660094630046
    ],
    "spearman_rank_scores": [
      0.06205346297060382,
      0.12120530682868838,
      0.10959462642626935,
      0.1538310766748534,
      0.031211087889919373
    ],
    "spearman_p_values": [
      0.02785559085590668,
      0.0017875690947467178,
      0.0030712063720648966,
      0.0004189677758737824,
      0.12429237709641412
    ],
    "mean_spearman_corr": 0.2994362585556851,
    "std_spearman_corr": 0.07692229338910629,
    "mean_spearman_rank": 0.09557911215806687,
    "std_spearman_rank": 0.043620269520463544,
    "mean_spearman_p": 0.03148514223900124,
    "std_spearman_p": 0.047498971110969776,
    "fold_best_params": [
      {
        "hidden_dim": 99,
        "n_layers": 7,
        "dropout": 0.42579714959793585,
        "learning_rate": 0.0028019061346948116,
        "weight_decay": 1.9893727544214264e-06,
        "batch_size": 55,
        "epochs": 328,
        "patience": 20
      },
      {
        "hidden_dim": 43,
        "n_layers": 8,
        "dropout": 0.25174587716968605,
        "learning_rate": 0.0010674845730029507,
        "weight_decay": 3.563073413810943e-05,
        "batch_size": 18,
        "epochs": 146,
        "patience": 12
      },
      {
        "hidden_dim": 69,
        "n_layers": 8,
        "dropout": 0.1404677555054216,
        "learning_rate": 0.001991379219593723,
        "weight_decay": 7.549645337704e-05,
        "batch_size": 19,
        "epochs": 97,
        "patience": 13
      },
      {
        "hidden_dim": 32,
        "n_layers": 8,
        "dropout": 0.17514381427570247,
        "learning_rate": 0.002909284441191716,
        "weight_decay": 8.028773383124475e-05,
        "batch_size": 16,
        "epochs": 410,
        "patience": 18
      },
      {
        "hidden_dim": 54,
        "n_layers": 8,
        "dropout": 0.5309717111542499,
        "learning_rate": 0.0028205634718416425,
        "weight_decay": 9.008525620004304e-06,
        "batch_size": 23,
        "epochs": 343,
        "patience": 20
      }
    ],
    "search_space": {
      "hidden_dim": [
        32,
        128
      ],
      "n_layers": [
        1,
        8
      ],
      "dropout": [
        0.1,
        0.8
      ],
      "learning_rate": [
        "1e-6",
        "1e-2"
      ],
      "weight_decay": [
        0.0,
        0.0001
      ],
      "batch_size": [
        16,
        64
      ],
      "epochs": [
        20,
        500
      ],
      "patience": [
        5,
        20
      ]
    }
  },
  "experiment": "residual_dnn_SCZ_p0.0001_low_0.2_0.6",
  "config": {
    "construct_gwas_mri": {
      "run": false
    },
    "plink2": {
      "prepare": false
    },
    "sampling": {
      "run": false
    },
    "data": {
      "illness": [
        "SCZ"
      ],
      "p_clump": [
        0.0001
      ],
      "distribution": [
        "low"
      ],
      "target": "Z",
      "test_size": 0.2,
      "n_splits": 10,
      "save_splits": true,
      "polars": true,
      "chunk_size": 10000,
      "row_ratio": [
        0.2,
        0.4,
        0.6,
        0.8,
        1.0
      ],
      "col_ratio": [
        0.2,
        0.4,
        0.6,
        0.8,
        1.0
      ],
      "top_rows": true,
      "top_cols": true,
      "mri_p_value": 0.05
    },
    "experiment": {
      "run": false
    },
    "model": {
      "name": "residual_dnn",
      "output_dim": 1,
      "dropout": 0.4,
      "learning_rate": 1e-05,
      "epochs": 300,
      "batch_size": 32,
      "patience": 20
    },
    "hpo": {
      "run": true,
      "n_trials": 30,
      "outer_cv": 5,
      "inner_cv": 5,
      "search_space": {
        "hidden_dim": [
          32,
          128
        ],
        "n_layers": [
          1,
          8
        ],
        "dropout": [
          0.1,
          0.8
        ],
        "learning_rate": [
          "1e-6",
          "1e-2"
        ],
        "weight_decay": [
          0.0,
          0.0001
        ],
        "batch_size": [
          16,
          64
        ],
        "epochs": [
          20,
          500
        ],
        "patience": [
          5,
          20
        ]
      }
    },
    "evaluation": {
      "metrics": [
        "r2",
        "mse"
      ],
      "binary_threshold": null
    }
  },
  "timestamp": "20260421_165742"
}