{
  "hpo": {
    "r2_scores": [
      0.29981398582458496,
      -0.35246193408966064,
      0.09039366245269775,
      0.3166431188583374,
      -0.2734423875808716
    ],
    "mean_r2": 0.01618928909301758,
    "std_r2": 0.2814292074143824,
    "pearson_corr_scores": [
      0.7508936524391174,
      0.4652896225452423,
      0.6203672885894775,
      0.6505990624427795,
      0.3721967041492462
    ],
    "pearson_r2_scores": [
      0.5638412833213806,
      0.21649442613124847,
      0.38485556840896606,
      0.42327913641929626,
      0.13853038847446442
    ],
    "pearson_p_values": [
      2.436773181781378e-15,
      1.7689564629108645e-05,
      1.380672465245425e-09,
      1.5082844695424313e-10,
      0.0008585058385506272
    ],
    "mean_pearson_corr": 0.5718692541122437,
    "std_pearson_corr": 0.13552013039588928,
    "mean_pearson_r2": 0.3454001545906067,
    "std_pearson_r2": 0.15149269998073578,
    "mean_pearson_p": 0.0001752393873175606,
    "std_pearson_p": 0.0003417019033804536,
    "spearman_corr_scores": [
      0.38013884849327884,
      0.318504280529597,
      0.16228178329453036,
      0.33571691466428305,
      0.007597715427601314
    ],
    "spearman_rank_scores": [
      0.144505544133796,
      0.10144497671567623,
      0.026335377189252912,
      0.1127058467917055,
      5.772527971881102e-05
    ],
    "spearman_p_values": [
      0.0005971034915999159,
      0.004483833150548474,
      0.1557466146387293,
      0.0028370472222013763,
      0.9477121029206853
    ],
    "mean_spearman_corr": 0.24084790848185808,
    "std_spearman_corr": 0.13784839136509497,
    "mean_spearman_rank": 0.07700989402202989,
    "std_spearman_rank": 0.054619556982404595,
    "mean_spearman_p": 0.22227534028475288,
    "std_spearman_p": 0.367535607425866,
    "fold_best_params": [
      {
        "hidden_dim": 117,
        "n_layers": 4,
        "dropout": 0.18900068940621068,
        "learning_rate": 0.002992799092191386,
        "weight_decay": 1.633410408699931e-05,
        "batch_size": 37,
        "epochs": 157,
        "patience": 13
      },
      {
        "hidden_dim": 64,
        "n_layers": 5,
        "dropout": 0.22404548458604318,
        "learning_rate": 0.003561499857655336,
        "weight_decay": 9.880790677199536e-05,
        "batch_size": 20,
        "epochs": 279,
        "patience": 18
      },
      {
        "hidden_dim": 41,
        "n_layers": 7,
        "dropout": 0.2880594593345497,
        "learning_rate": 0.0044224166016176856,
        "weight_decay": 9.017439796658579e-05,
        "batch_size": 16,
        "epochs": 430,
        "patience": 15
      },
      {
        "hidden_dim": 71,
        "n_layers": 8,
        "dropout": 0.15023146915340463,
        "learning_rate": 0.005198814074238386,
        "weight_decay": 1.4168766694668514e-06,
        "batch_size": 16,
        "epochs": 488,
        "patience": 20
      },
      {
        "hidden_dim": 90,
        "n_layers": 4,
        "dropout": 0.30825703547568156,
        "learning_rate": 0.0018994089970630424,
        "weight_decay": 3.5707556350839464e-05,
        "batch_size": 25,
        "epochs": 413,
        "patience": 20
      }
    ],
    "search_space": {
      "hidden_dim": [
        32,
        128
      ],
      "n_layers": [
        1,
        8
      ],
      "dropout": [
        0.1,
        0.8
      ],
      "learning_rate": [
        "1e-6",
        "1e-2"
      ],
      "weight_decay": [
        0.0,
        0.0001
      ],
      "batch_size": [
        16,
        64
      ],
      "epochs": [
        20,
        500
      ],
      "patience": [
        5,
        20
      ]
    }
  },
  "experiment": "residual_dnn_SCZ_p0.0001_low_0.2_0.8",
  "config": {
    "construct_gwas_mri": {
      "run": false
    },
    "plink2": {
      "prepare": false
    },
    "sampling": {
      "run": false
    },
    "data": {
      "illness": [
        "SCZ"
      ],
      "p_clump": [
        0.0001
      ],
      "distribution": [
        "low"
      ],
      "target": "Z",
      "test_size": 0.2,
      "n_splits": 10,
      "save_splits": true,
      "polars": true,
      "chunk_size": 10000,
      "row_ratio": [
        0.2,
        0.4,
        0.6,
        0.8,
        1.0
      ],
      "col_ratio": [
        0.2,
        0.4,
        0.6,
        0.8,
        1.0
      ],
      "top_rows": true,
      "top_cols": true,
      "mri_p_value": 0.05
    },
    "experiment": {
      "run": false
    },
    "model": {
      "name": "residual_dnn",
      "output_dim": 1,
      "dropout": 0.4,
      "learning_rate": 1e-05,
      "epochs": 300,
      "batch_size": 32,
      "patience": 20
    },
    "hpo": {
      "run": true,
      "n_trials": 30,
      "outer_cv": 5,
      "inner_cv": 5,
      "search_space": {
        "hidden_dim": [
          32,
          128
        ],
        "n_layers": [
          1,
          8
        ],
        "dropout": [
          0.1,
          0.8
        ],
        "learning_rate": [
          "1e-6",
          "1e-2"
        ],
        "weight_decay": [
          0.0,
          0.0001
        ],
        "batch_size": [
          16,
          64
        ],
        "epochs": [
          20,
          500
        ],
        "patience": [
          5,
          20
        ]
      }
    },
    "evaluation": {
      "metrics": [
        "r2",
        "mse"
      ],
      "binary_threshold": null
    }
  },
  "timestamp": "20260421_170517"
}