{
  "hpo": {
    "r2_scores": [
      -2.119211435317993,
      -2.3147318363189697,
      -2.0170207023620605,
      -2.3590519428253174,
      -2.847806453704834
    ],
    "mean_r2": -2.331564474105835,
    "std_r2": 0.2869063532084962,
    "pearson_r2_scores": [
      0.025895340368151665,
      0.006447865627706051,
      0.032980844378471375,
      0.02198091149330139,
      0.02157999947667122
    ],
    "pearson_p_values": [
      0.0032796531450003386,
      0.1518235206604004,
      0.001704640919342637,
      0.005725609138607979,
      0.005485258996486664
    ],
    "mean_pearson_r2": 0.021776992827653885,
    "std_pearson_r2": 0.008689644746482372,
    "mean_pearson_p": 0.033603738993406296,
    "std_pearson_p": 0.05912843346595764,
    "spearman_rank_scores": [
      0.021054408473423523,
      0.009375705149066275,
      0.04430367911246756,
      0.012047502624405916,
      0.01618219718365034
    ],
    "spearman_p_values": [
      0.008098654033572713,
      0.08373690910305759,
      0.0002653949915461964,
      0.04130499670219667,
      0.016327905470367027
    ],
    "mean_spearman_rank": 0.020592698508602725,
    "std_spearman_rank": 0.012495740169778299,
    "mean_spearman_p": 0.029946772060148036,
    "std_spearman_p": 0.030219814834959443,
    "fold_best_params": [],
    "search_space": null
  },
  "experiment": "linear_regression_SCZ_p0.0001_low_1_1",
  "config": {
    "construct_gwas_mri": {
      "run": false
    },
    "plink2": {
      "prepare": false
    },
    "sampling": {
      "run": false
    },
    "data": {
      "illness": [
        "SCZ"
      ],
      "p_clump": [
        0.0001
      ],
      "distribution": [
        "low"
      ],
      "target": "Z",
      "test_size": 0.2,
      "n_splits": 10,
      "save_splits": true,
      "polars": true,
      "chunk_size": 10000,
      "row_ratio": [
        1
      ],
      "col_ratio": [
        1
      ],
      "top_rows": true,
      "top_cols": true,
      "mri_p_value": 0.0001
    },
    "experiment": {
      "run": false
    },
    "model": {
      "name": "linear_regression"
    },
    "hpo": {
      "run": true,
      "n_trials": 30,
      "outer_cv": 5,
      "inner_cv": 5,
      "search_space": {
        "hidden_dim": [
          32,
          128
        ],
        "n_layers": [
          1,
          8
        ],
        "dropout": [
          0.1,
          0.8
        ],
        "learning_rate": [
          "1e-6",
          "1e-2"
        ],
        "weight_decay": [
          0.0,
          0.0001
        ],
        "batch_size": [
          16,
          64
        ],
        "epochs": [
          20,
          60
        ],
        "patience": [
          5,
          20
        ]
      }
    },
    "load_best_params": true,
    "evaluation": {
      "metrics": [
        "r2",
        "mse"
      ],
      "binary_threshold": null
    }
  },
  "timestamp": "20260517_235226"
}