{
  "hpo": {
    "r2_scores": [
      0.33327794075012207,
      0.33677661418914795,
      0.17280465364456177,
      0.18041765689849854,
      0.23659539222717285
    ],
    "mean_r2": 0.2519744515419006,
    "std_r2": 0.07131116514436009,
    "pearson_r2_scores": [
      0.33519986271858215,
      0.3447999656200409,
      0.17915357649326324,
      0.19598332047462463,
      0.25171712040901184
    ],
    "pearson_p_values": [
      4.286318500135167e-08,
      2.469681703587412e-08,
      0.00013924954691901803,
      0.0002492554485797882,
      0.00015113959670998156
    ],
    "mean_pearson_r2": 0.2613707482814789,
    "std_pearson_r2": 0.06861419975757599,
    "mean_pearson_p": 0.00010794242552947253,
    "std_pearson_p": 9.602505451766774e-05,
    "spearman_rank_scores": [
      0.21634261681046588,
      0.2550422593487385,
      0.06184893614138496,
      0.1443234533705,
      0.16863738773418607
    ],
    "spearman_p_values": [
      2.3027035941916288e-05,
      3.2814082354152934e-06,
      0.030288652220620164,
      0.0019597126661089217,
      0.0024953455802831583
    ],
    "mean_spearman_rank": 0.16923893068105506,
    "std_spearman_rank": 0.06593136165466726,
    "mean_spearman_p": 0.006954003782237915,
    "std_spearman_p": 0.011710502761500492,
    "fold_best_params": [],
    "search_space": null
  },
  "experiment": "tabpfn_SCZ_p0.0001_low_0.2_0.4",
  "config": {
    "construct_gwas_mri": {
      "run": false
    },
    "plink2": {
      "prepare": false
    },
    "sampling": {
      "run": false
    },
    "data": {
      "illness": [
        "SCZ"
      ],
      "p_clump": [
        0.0001
      ],
      "target": "Z",
      "distribution": [
        "low"
      ],
      "test_size": 0.2,
      "n_splits": 10,
      "save_splits": true,
      "polars": true,
      "sampling": false,
      "row_ratio": [
        0.2,
        0.4,
        0.6,
        0.8,
        1.0
      ],
      "col_ratio": [
        0.2,
        0.4,
        0.6,
        0.8,
        1.0
      ],
      "top_rows": true,
      "top_cols": true,
      "mri_p_value": 0.05
    },
    "experiment": {
      "run": false
    },
    "model": {
      "name": "tabpfn",
      "finetune": true,
      "device": "cuda",
      "epochs": 30,
      "learning_rate": "1e-5"
    },
    "hpo": {
      "run": true,
      "outer_cv": 5
    },
    "evaluation": {
      "metrics": [
        "r2",
        "mse",
        "stderr"
      ],
      "binary_threshold": null
    }
  },
  "timestamp": "20260423_014212"
}