{
  "hpo": {
    "r2_scores": [
      -1.3543426990509033,
      -0.520163893699646,
      -1.8167366981506348,
      -1.4139516353607178,
      -1.4585802555084229
    ],
    "mean_r2": -1.312755036354065,
    "std_r2": 0.4278863201183196,
    "pearson_r2_scores": [
      0.05013816058635712,
      0.17897598445415497,
      0.06352604180574417,
      0.05620483309030533,
      0.15748704969882965
    ],
    "pearson_p_values": [
      0.05183931812644005,
      0.00014042995462659746,
      0.028060315176844597,
      0.05926649644970894,
      0.003582271048799157
    ],
    "mean_pearson_r2": 0.10126640647649765,
    "std_pearson_r2": 0.055260322988033295,
    "mean_pearson_p": 0.028577765449881554,
    "std_pearson_p": 0.024152111262083054,
    "spearman_rank_scores": [
      0.06732304569912946,
      0.15269237332441277,
      0.038806037650517274,
      0.05530249969810409,
      0.18149505829936796
    ],
    "spearman_p_values": [
      0.023610697050012272,
      0.00048311194445340474,
      0.08807592389010384,
      0.06140527803361607,
      0.001638632266082327
    ],
    "mean_spearman_rank": 0.09912380293430631,
    "std_spearman_rank": 0.0569639237253476,
    "mean_spearman_p": 0.03504272863685358,
    "std_spearman_p": 0.034491726300497176,
    "fold_best_params": [],
    "search_space": null
  },
  "experiment": "linear_regression_SCZ_p0.0001_low_0.2_0.4",
  "config": {
    "construct_gwas_mri": {
      "run": false
    },
    "plink2": {
      "prepare": false
    },
    "sampling": {
      "run": false
    },
    "data": {
      "illness": [
        "SCZ"
      ],
      "p_clump": [
        0.0001
      ],
      "distribution": [
        "low"
      ],
      "target": "Z",
      "test_size": 0.2,
      "n_splits": 10,
      "save_splits": true,
      "polars": true,
      "chunk_size": 10000,
      "row_ratio": [
        0.2,
        0.4,
        0.6,
        0.8,
        1.0
      ],
      "col_ratio": [
        0.2,
        0.4,
        0.6,
        0.8,
        1.0
      ],
      "top_rows": true,
      "top_cols": true,
      "mri_p_value": 0.05
    },
    "experiment": {
      "run": false
    },
    "model": {
      "name": "linear_regression"
    },
    "hpo": {
      "run": true,
      "outer_cv": 5
    },
    "evaluation": {
      "metrics": [
        "r2",
        "mse",
        "pearson_r2"
      ],
      "binary_threshold": null
    }
  },
  "timestamp": "20260422_105447"
}