{
  "hpo": {
    "r2_scores": [
      0.035756826400756836,
      -0.30115699768066406,
      0.0952180027961731,
      0.4841177463531494,
      0.45738643407821655
    ],
    "mean_r2": 0.15426440238952638,
    "std_r2": 0.2917620157363285,
    "pearson_corr_scores": [
      0.5323584675788879,
      0.46158382296562195,
      0.5892162919044495,
      0.7080851197242737,
      0.7121240496635437
    ],
    "pearson_r2_scores": [
      0.2834055423736572,
      0.21305961906909943,
      0.34717583656311035,
      0.5013845562934875,
      0.507120668888092
    ],
    "pearson_p_values": [
      8.522185236149726e-13,
      1.4941047288274945e-09,
      7.33507609493089e-16,
      6.841329640390347e-25,
      2.8073577603791442e-25
    ],
    "mean_pearson_corr": 0.6006735563278198,
    "std_pearson_corr": 0.09808427840471268,
    "mean_pearson_r2": 0.37042921781539917,
    "std_pearson_r2": 0.11722873151302338,
    "mean_pearson_p": 2.9899155373769304e-10,
    "std_pearson_p": 5.975566708116276e-10,
    "spearman_corr_scores": [
      0.13897046040049943,
      0.29568496020108925,
      0.14741560650290508,
      0.18145769099749512,
      0.3213933819354125
    ],
    "spearman_rank_scores": [
      0.01931278886392678,
      0.08742959568911973,
      0.021731361040619353,
      0.03292689362214242,
      0.10329370595188193
    ],
    "spearman_p_values": [
      0.08359695982514649,
      0.00018747270112798442,
      0.06718010431462004,
      0.023843850902303655,
      4.549419715548011e-05
    ],
    "mean_spearman_corr": 0.21698442000748028,
    "std_spearman_corr": 0.0765286254126875,
    "mean_spearman_rank": 0.05293886903353804,
    "std_spearman_rank": 0.03529963401756617,
    "mean_spearman_p": 0.03497077638807073,
    "std_spearman_p": 0.03451205164401297,
    "fold_best_params": [
      {
        "hidden_dim": 48,
        "n_layers": 3,
        "dropout": 0.392352860071171,
        "learning_rate": 0.009365536447079645,
        "weight_decay": 2.7810324886995216e-05,
        "batch_size": 50,
        "epochs": 269,
        "patience": 14
      },
      {
        "hidden_dim": 44,
        "n_layers": 1,
        "dropout": 0.5072777516761751,
        "learning_rate": 0.009079758570877564,
        "weight_decay": 6.898034864066521e-05,
        "batch_size": 43,
        "epochs": 320,
        "patience": 15
      },
      {
        "hidden_dim": 41,
        "n_layers": 7,
        "dropout": 0.2880594593345497,
        "learning_rate": 0.0044224166016176856,
        "weight_decay": 9.017439796658579e-05,
        "batch_size": 16,
        "epochs": 430,
        "patience": 15
      },
      {
        "hidden_dim": 35,
        "n_layers": 5,
        "dropout": 0.6280122133011647,
        "learning_rate": 0.005311228334128032,
        "weight_decay": 7.355652375946475e-05,
        "batch_size": 24,
        "epochs": 295,
        "patience": 14
      },
      {
        "hidden_dim": 54,
        "n_layers": 8,
        "dropout": 0.5309717111542499,
        "learning_rate": 0.0028205634718416425,
        "weight_decay": 9.008525620004304e-06,
        "batch_size": 23,
        "epochs": 343,
        "patience": 20
      }
    ],
    "search_space": {
      "hidden_dim": [
        32,
        128
      ],
      "n_layers": [
        1,
        8
      ],
      "dropout": [
        0.1,
        0.8
      ],
      "learning_rate": [
        "1e-6",
        "1e-2"
      ],
      "weight_decay": [
        0.0,
        0.0001
      ],
      "batch_size": [
        16,
        64
      ],
      "epochs": [
        20,
        500
      ],
      "patience": [
        5,
        20
      ]
    }
  },
  "experiment": "residual_dnn_SCZ_p0.0001_low_0.4_1.0",
  "config": {
    "construct_gwas_mri": {
      "run": false
    },
    "plink2": {
      "prepare": false
    },
    "sampling": {
      "run": false
    },
    "data": {
      "illness": [
        "SCZ"
      ],
      "p_clump": [
        0.0001
      ],
      "distribution": [
        "low"
      ],
      "target": "Z",
      "test_size": 0.2,
      "n_splits": 10,
      "save_splits": true,
      "polars": true,
      "chunk_size": 10000,
      "row_ratio": [
        0.2,
        0.4,
        0.6,
        0.8,
        1.0
      ],
      "col_ratio": [
        0.2,
        0.4,
        0.6,
        0.8,
        1.0
      ],
      "top_rows": true,
      "top_cols": true,
      "mri_p_value": 0.05
    },
    "experiment": {
      "run": false
    },
    "model": {
      "name": "residual_dnn",
      "output_dim": 1,
      "dropout": 0.4,
      "learning_rate": 1e-05,
      "epochs": 300,
      "batch_size": 32,
      "patience": 20
    },
    "hpo": {
      "run": true,
      "n_trials": 30,
      "outer_cv": 5,
      "inner_cv": 5,
      "search_space": {
        "hidden_dim": [
          32,
          128
        ],
        "n_layers": [
          1,
          8
        ],
        "dropout": [
          0.1,
          0.8
        ],
        "learning_rate": [
          "1e-6",
          "1e-2"
        ],
        "weight_decay": [
          0.0,
          0.0001
        ],
        "batch_size": [
          16,
          64
        ],
        "epochs": [
          20,
          500
        ],
        "patience": [
          5,
          20
        ]
      }
    },
    "evaluation": {
      "metrics": [
        "r2",
        "mse"
      ],
      "binary_threshold": null
    }
  },
  "timestamp": "20260421_190809"
}