{
  "hpo": {
    "r2_scores": [
      -0.02006053924560547,
      -0.1457662582397461,
      0.016477644443511963,
      0.007743358612060547,
      -0.014617085456848145
    ],
    "mean_r2": -0.03124457597732544,
    "std_r2": 0.058845970452157705,
    "pearson_r2_scores": [
      0.06426215171813965,
      0.019809499382972717,
      0.09432840347290039,
      0.07164391130208969,
      0.0606287382543087
    ],
    "pearson_p_values": [
      2.8940326046722475e-06,
      0.01172045711427927,
      6.945064257024569e-08,
      4.34200501331361e-07,
      2.575095550128026e-06
    ],
    "mean_pearson_r2": 0.06213454157114029,
    "std_pearson_r2": 0.02418708987534046,
    "mean_pearson_p": 0.0023452858440577984,
    "std_pearson_p": 0.0046875858679413795,
    "spearman_rank_scores": [
      0.05049544615861985,
      0.013324616056115122,
      0.05743116207479074,
      0.03912111201697597,
      0.04695131192525488
    ],
    "spearman_p_values": [
      3.5967071390704e-05,
      0.03904251662092309,
      3.093289810180803e-05,
      0.00021353123149969502,
      3.738618888140456e-05
    ],
    "mean_spearman_rank": 0.04146472964635132,
    "std_spearman_rank": 0.015257404279786092,
    "mean_spearman_p": 0.00787206680215934,
    "std_spearman_p": 0.015585378848107055,
    "fold_best_params": [],
    "search_space": null
  },
  "experiment": "linear_regression_SCZ_p0.0001_low_1.0_0.2",
  "config": {
    "construct_gwas_mri": {
      "run": false
    },
    "plink2": {
      "prepare": false
    },
    "sampling": {
      "run": false
    },
    "data": {
      "illness": [
        "SCZ"
      ],
      "p_clump": [
        0.0001
      ],
      "distribution": [
        "low"
      ],
      "target": "Z",
      "test_size": 0.2,
      "n_splits": 10,
      "save_splits": true,
      "polars": true,
      "chunk_size": 10000,
      "row_ratio": [
        0.2,
        0.4,
        0.6,
        0.8,
        1.0
      ],
      "col_ratio": [
        0.2,
        0.4,
        0.6,
        0.8,
        1.0
      ],
      "top_rows": true,
      "top_cols": true,
      "mri_p_value": 0.05
    },
    "experiment": {
      "run": false
    },
    "model": {
      "name": "linear_regression"
    },
    "hpo": {
      "run": true,
      "outer_cv": 5
    },
    "evaluation": {
      "metrics": [
        "r2",
        "mse",
        "pearson_r2"
      ],
      "binary_threshold": null
    }
  },
  "timestamp": "20260422_105540"
}