{
  "hpo": {
    "r2_scores": [
      -0.757770299911499,
      -1.0138607025146484,
      -0.5401833057403564,
      -0.9731155633926392,
      -0.9483027458190918
    ],
    "mean_r2": -0.846646523475647,
    "std_r2": 0.17669616532910123,
    "pearson_r2_scores": [
      0.05630852282047272,
      0.028635438531637192,
      0.06647501140832901,
      0.00648361025378108,
      0.015415540896356106
    ],
    "pearson_p_values": [
      0.00011193948012078181,
      0.005659547634422779,
      1.080284346244298e-05,
      0.1973387748003006,
      0.04465809464454651
    ],
    "mean_pearson_r2": 0.03466362506151199,
    "std_pearson_r2": 0.023157749325037003,
    "mean_pearson_p": 0.04955583065748215,
    "std_pearson_p": 0.07574969530105591,
    "spearman_rank_scores": [
      0.05151728322821024,
      0.01746592714304318,
      0.036455291847338256,
      0.0011152154575376095,
      0.028578796316417836
    ],
    "spearman_p_values": [
      0.00022381754258908536,
      0.03118119913231516,
      0.001223862794933309,
      0.5933796610287522,
      0.006087277838925746
    ],
    "mean_spearman_rank": 0.027026502798509423,
    "std_spearman_rank": 0.017052327833343876,
    "mean_spearman_p": 0.12641916366750308,
    "std_spearman_p": 0.23375254756938704,
    "fold_best_params": [],
    "search_space": null
  },
  "experiment": "linear_regression_SCZ_p0.0001_low_0.8_0.6",
  "config": {
    "construct_gwas_mri": {
      "run": false
    },
    "plink2": {
      "prepare": false
    },
    "sampling": {
      "run": false
    },
    "data": {
      "illness": [
        "SCZ"
      ],
      "p_clump": [
        0.0001
      ],
      "distribution": [
        "low"
      ],
      "target": "Z",
      "test_size": 0.2,
      "n_splits": 10,
      "save_splits": true,
      "polars": true,
      "chunk_size": 10000,
      "row_ratio": [
        0.2,
        0.4,
        0.6,
        0.8,
        1.0
      ],
      "col_ratio": [
        0.2,
        0.4,
        0.6,
        0.8,
        1.0
      ],
      "top_rows": true,
      "top_cols": true,
      "mri_p_value": 0.05
    },
    "experiment": {
      "run": false
    },
    "model": {
      "name": "linear_regression"
    },
    "hpo": {
      "run": true,
      "outer_cv": 5
    },
    "evaluation": {
      "metrics": [
        "r2",
        "mse",
        "pearson_r2"
      ],
      "binary_threshold": null
    }
  },
  "timestamp": "20260422_105531"
}