{
  "hpo": {
    "r2_scores": [
      -0.15260493755340576,
      -0.28412818908691406,
      0.4392526149749756,
      0.2609511613845825,
      0.37199074029922485
    ],
    "mean_r2": 0.12709227800369263,
    "std_r2": 0.2907474293669096,
    "pearson_corr_scores": [
      0.2672535479068756,
      0.16365408897399902,
      0.7243125438690186,
      0.5687538981437683,
      0.6222652196884155
    ],
    "pearson_r2_scores": [
      0.0714244619011879,
      0.02678266167640686,
      0.5246286392211914,
      0.3234809935092926,
      0.3872140049934387
    ],
    "pearson_p_values": [
      1.7413198065696633e-06,
      0.0038038534112274647,
      0.0,
      5.789201931047174e-28,
      1.278518854243428e-34
    ],
    "mean_pearson_corr": 0.46924781799316406,
    "std_pearson_corr": 0.21566781401634216,
    "mean_pearson_r2": 0.2667061388492584,
    "std_pearson_r2": 0.18971967697143555,
    "mean_pearson_p": 0.0007611189503222704,
    "std_pearson_p": 0.001521367346867919,
    "spearman_corr_scores": [
      0.035001965265124856,
      0.045827524639865246,
      0.19026390934830884,
      0.07764534711589861,
      0.2549110931346284
    ],
    "spearman_rank_scores": [
      0.001225137572421007,
      0.002100162014617456,
      0.03620035520050148,
      0.006028799928748385,
      0.06497966540309119
    ],
    "spearman_p_values": [
      0.53857500943091,
      0.4206199938958371,
      0.0007593037778001551,
      0.17268589161219466,
      5.484370554851981e-06
    ],
    "mean_spearman_corr": 0.12072996790076518,
    "std_spearman_corr": 0.08678190407311948,
    "mean_spearman_rank": 0.022106824023875905,
    "std_spearman_rank": 0.025026075847271595,
    "mean_spearman_p": 0.22652913661745938,
    "std_spearman_p": 0.21919304966142744,
    "fold_best_params": [
      {
        "hidden_dim": 34,
        "n_layers": 4,
        "dropout": 0.204983601546613,
        "learning_rate": 0.0003679651056285835,
        "weight_decay": 4.852683195384599e-05,
        "batch_size": 44,
        "epochs": 209,
        "patience": 14
      },
      {
        "hidden_dim": 44,
        "n_layers": 5,
        "dropout": 0.24610406462212175,
        "learning_rate": 0.0013619017335458903,
        "weight_decay": 4.0767542567607634e-05,
        "batch_size": 56,
        "epochs": 496,
        "patience": 19
      },
      {
        "hidden_dim": 48,
        "n_layers": 7,
        "dropout": 0.34230176271249135,
        "learning_rate": 0.0027920029383156865,
        "weight_decay": 2.0820602925478214e-08,
        "batch_size": 29,
        "epochs": 453,
        "patience": 16
      },
      {
        "hidden_dim": 36,
        "n_layers": 8,
        "dropout": 0.5391073401429496,
        "learning_rate": 0.005061421873047065,
        "weight_decay": 7.248509077347287e-05,
        "batch_size": 37,
        "epochs": 493,
        "patience": 12
      },
      {
        "hidden_dim": 53,
        "n_layers": 5,
        "dropout": 0.5873159679459269,
        "learning_rate": 0.0024342566603131866,
        "weight_decay": 1.0993662790103611e-05,
        "batch_size": 23,
        "epochs": 285,
        "patience": 18
      }
    ],
    "search_space": {
      "hidden_dim": [
        32,
        128
      ],
      "n_layers": [
        1,
        8
      ],
      "dropout": [
        0.1,
        0.8
      ],
      "learning_rate": [
        "1e-6",
        "1e-2"
      ],
      "weight_decay": [
        0.0,
        0.0001
      ],
      "batch_size": [
        16,
        64
      ],
      "epochs": [
        20,
        500
      ],
      "patience": [
        5,
        20
      ]
    }
  },
  "experiment": "residual_dnn_SCZ_p0.0001_low_0.8_0.2",
  "config": {
    "construct_gwas_mri": {
      "run": false
    },
    "plink2": {
      "prepare": false
    },
    "sampling": {
      "run": false
    },
    "data": {
      "illness": [
        "SCZ"
      ],
      "p_clump": [
        0.0001
      ],
      "distribution": [
        "low"
      ],
      "target": "Z",
      "test_size": 0.2,
      "n_splits": 10,
      "save_splits": true,
      "polars": true,
      "chunk_size": 10000,
      "row_ratio": [
        0.2,
        0.4,
        0.6,
        0.8,
        1.0
      ],
      "col_ratio": [
        0.2,
        0.4,
        0.6,
        0.8,
        1.0
      ],
      "top_rows": true,
      "top_cols": true,
      "mri_p_value": 0.05
    },
    "experiment": {
      "run": false
    },
    "model": {
      "name": "residual_dnn",
      "output_dim": 1,
      "dropout": 0.4,
      "learning_rate": 1e-05,
      "epochs": 300,
      "batch_size": 32,
      "patience": 20
    },
    "hpo": {
      "run": true,
      "n_trials": 30,
      "outer_cv": 5,
      "inner_cv": 5,
      "search_space": {
        "hidden_dim": [
          32,
          128
        ],
        "n_layers": [
          1,
          8
        ],
        "dropout": [
          0.1,
          0.8
        ],
        "learning_rate": [
          "1e-6",
          "1e-2"
        ],
        "weight_decay": [
          0.0,
          0.0001
        ],
        "batch_size": [
          16,
          64
        ],
        "epochs": [
          20,
          500
        ],
        "patience": [
          5,
          20
        ]
      }
    },
    "evaluation": {
      "metrics": [
        "r2",
        "mse"
      ],
      "binary_threshold": null
    }
  },
  "timestamp": "20260421_231254"
}