{
  "hpo": {
    "r2_scores": [
      0.07903671264648438,
      0.21575963497161865,
      0.17557686567306519,
      0.06988197565078735,
      0.05720800161361694
    ],
    "mean_r2": 0.1194926381111145,
    "std_r2": 0.06385929994031975,
    "pearson_r2_scores": [
      0.07951095700263977,
      0.2291417121887207,
      0.1800633817911148,
      0.0790690928697586,
      0.06455900520086288
    ],
    "pearson_p_values": [
      2.003507142944727e-05,
      7.524219962362633e-13,
      1.6869113050876905e-10,
      5.497121674125083e-05,
      0.00026339039322920144
    ],
    "mean_pearson_r2": 0.12646882236003876,
    "std_pearson_r2": 0.06587669998407364,
    "mean_pearson_p": 6.767937156837434e-05,
    "std_pearson_p": 9.989519458031282e-05,
    "spearman_rank_scores": [
      0.08590106807994148,
      0.11063993323376176,
      0.13236139499755784,
      0.0335461492387456,
      0.04108251142758417
    ],
    "spearman_p_values": [
      8.988815415986465e-06,
      1.4921067477492605e-06,
      6.603088282354677e-08,
      0.009432157225902266,
      0.00381639075118919
    ],
    "mean_spearman_rank": 0.08070621139551817,
    "std_spearman_rank": 0.03843274982043562,
    "mean_spearman_p": 0.0026518189860276027,
    "std_spearman_p": 0.0036978315715068904,
    "fold_best_params": [],
    "search_space": null
  },
  "experiment": "tabpfn_SCZ_p0.0001_low_0.6_0.8",
  "config": {
    "construct_gwas_mri": {
      "run": false
    },
    "plink2": {
      "prepare": false
    },
    "sampling": {
      "run": false
    },
    "data": {
      "illness": [
        "SCZ"
      ],
      "p_clump": [
        0.0001
      ],
      "target": "Z",
      "distribution": [
        "low"
      ],
      "test_size": 0.2,
      "n_splits": 10,
      "save_splits": true,
      "polars": true,
      "sampling": false,
      "row_ratio": [
        0.2,
        0.4,
        0.6,
        0.8,
        1.0
      ],
      "col_ratio": [
        0.2,
        0.4,
        0.6,
        0.8,
        1.0
      ],
      "top_rows": true,
      "top_cols": true,
      "mri_p_value": 0.05
    },
    "experiment": {
      "run": false
    },
    "model": {
      "name": "tabpfn",
      "finetune": true,
      "device": "cuda",
      "epochs": 30,
      "learning_rate": "1e-5"
    },
    "hpo": {
      "run": true,
      "outer_cv": 5
    },
    "evaluation": {
      "metrics": [
        "r2",
        "mse",
        "stderr"
      ],
      "binary_threshold": null
    }
  },
  "timestamp": "20260423_020505"
}