{
  "hpo": {
    "r2_scores": [
      -0.001511693000793457,
      0.03422313928604126,
      0.3047165870666504,
      0.3905925154685974,
      0.5000430941581726
    ],
    "mean_r2": 0.24561272859573363,
    "std_r2": 0.19748582421329688,
    "pearson_corr_scores": [
      0.44287142157554626,
      0.44298842549324036,
      0.642870306968689,
      0.6756677627563477,
      0.7379162311553955
    ],
    "pearson_r2_scores": [
      0.19613508880138397,
      0.19623874127864838,
      0.41328224539756775,
      0.4565269351005554,
      0.544520378112793
    ],
    "pearson_p_values": [
      7.0719776701366754e-09,
      7.83256393077636e-09,
      1.912962829255479e-19,
      5.211903279034846e-22,
      6.47798718301545e-28
    ],
    "mean_pearson_corr": 0.5884628295898438,
    "std_pearson_corr": 0.12268728762865067,
    "mean_pearson_r2": 0.3613406717777252,
    "std_pearson_r2": 0.14132565259933472,
    "mean_pearson_p": 2.980908409000449e-09,
    "std_pearson_p": 3.6587661789155845e-09,
    "spearman_corr_scores": [
      0.02946373536059174,
      0.09883986980761174,
      0.15408636048340574,
      0.2730002408895237,
      0.3876094773046578
    ],
    "spearman_rank_scores": [
      0.000868111701398984,
      0.009769319863585639,
      0.02374260648702206,
      0.07452913152573795,
      0.15024110689639
    ],
    "spearman_p_values": [
      0.7150206627114662,
      0.22110911314564566,
      0.055584421307318194,
      0.0005885528373946791,
      6.265960248463306e-07
    ],
    "mean_spearman_corr": 0.18859993676915815,
    "std_spearman_corr": 0.12751517221686398,
    "mean_spearman_rank": 0.05183005529482693,
    "std_spearman_rank": 0.05541680806295124,
    "mean_spearman_p": 0.19846067531956993,
    "std_spearman_p": 0.2706660540466071,
    "fold_best_params": [
      {
        "hidden_dim": 47,
        "n_layers": 4,
        "dropout": 0.30033108404061465,
        "learning_rate": 0.0035011081474499843,
        "weight_decay": 6.761099754470652e-05,
        "batch_size": 43,
        "epochs": 370,
        "patience": 17
      },
      {
        "hidden_dim": 42,
        "n_layers": 7,
        "dropout": 0.30347074047467415,
        "learning_rate": 0.0010781538616403213,
        "weight_decay": 1.3685332876050097e-05,
        "batch_size": 20,
        "epochs": 238,
        "patience": 15
      },
      {
        "hidden_dim": 41,
        "n_layers": 7,
        "dropout": 0.2880594593345497,
        "learning_rate": 0.0044224166016176856,
        "weight_decay": 9.017439796658579e-05,
        "batch_size": 16,
        "epochs": 430,
        "patience": 15
      },
      {
        "hidden_dim": 47,
        "n_layers": 7,
        "dropout": 0.17816325652712423,
        "learning_rate": 0.0013901539183223538,
        "weight_decay": 3.740759789841168e-05,
        "batch_size": 24,
        "epochs": 450,
        "patience": 19
      },
      {
        "hidden_dim": 54,
        "n_layers": 8,
        "dropout": 0.5309717111542499,
        "learning_rate": 0.0028205634718416425,
        "weight_decay": 9.008525620004304e-06,
        "batch_size": 23,
        "epochs": 343,
        "patience": 20
      }
    ],
    "search_space": {
      "hidden_dim": [
        32,
        128
      ],
      "n_layers": [
        1,
        8
      ],
      "dropout": [
        0.1,
        0.8
      ],
      "learning_rate": [
        "1e-6",
        "1e-2"
      ],
      "weight_decay": [
        0.0,
        0.0001
      ],
      "batch_size": [
        16,
        64
      ],
      "epochs": [
        20,
        500
      ],
      "patience": [
        5,
        20
      ]
    }
  },
  "experiment": "residual_dnn_SCZ_p0.0001_low_0.4_0.4",
  "config": {
    "construct_gwas_mri": {
      "run": false
    },
    "plink2": {
      "prepare": false
    },
    "sampling": {
      "run": false
    },
    "data": {
      "illness": [
        "SCZ"
      ],
      "p_clump": [
        0.0001
      ],
      "distribution": [
        "low"
      ],
      "target": "Z",
      "test_size": 0.2,
      "n_splits": 10,
      "save_splits": true,
      "polars": true,
      "chunk_size": 10000,
      "row_ratio": [
        0.2,
        0.4,
        0.6,
        0.8,
        1.0
      ],
      "col_ratio": [
        0.2,
        0.4,
        0.6,
        0.8,
        1.0
      ],
      "top_rows": true,
      "top_cols": true,
      "mri_p_value": 0.05
    },
    "experiment": {
      "run": false
    },
    "model": {
      "name": "residual_dnn",
      "output_dim": 1,
      "dropout": 0.4,
      "learning_rate": 1e-05,
      "epochs": 300,
      "batch_size": 32,
      "patience": 20
    },
    "hpo": {
      "run": true,
      "n_trials": 30,
      "outer_cv": 5,
      "inner_cv": 5,
      "search_space": {
        "hidden_dim": [
          32,
          128
        ],
        "n_layers": [
          1,
          8
        ],
        "dropout": [
          0.1,
          0.8
        ],
        "learning_rate": [
          "1e-6",
          "1e-2"
        ],
        "weight_decay": [
          0.0,
          0.0001
        ],
        "batch_size": [
          16,
          64
        ],
        "epochs": [
          20,
          500
        ],
        "patience": [
          5,
          20
        ]
      }
    },
    "evaluation": {
      "metrics": [
        "r2",
        "mse"
      ],
      "binary_threshold": null
    }
  },
  "timestamp": "20260421_174225"
}