{
  "hpo": {
    "r2_scores": [
      0.1032605767250061,
      0.06889325380325317,
      0.14059090614318848,
      0.08656996488571167,
      0.06701093912124634
    ],
    "mean_r2": 0.09326512813568115,
    "std_r2": 0.02708406973385933,
    "pearson_r2_scores": [
      0.10691805928945541,
      0.06914126127958298,
      0.14325310289859772,
      0.08696740120649338,
      0.07320959866046906
    ],
    "pearson_p_values": [
      1.034145324929625e-09,
      1.8465668745193398e-06,
      1.622907190579337e-11,
      2.264657794626146e-08,
      2.1692517293558922e-07
    ],
    "mean_pearson_r2": 0.09589789062738419,
    "std_pearson_r2": 0.027108632028102875,
    "mean_pearson_p": 4.1743777501324075e-07,
    "std_pearson_p": 7.191811732809583e-07,
    "spearman_rank_scores": [
      0.06915466848198494,
      0.02590066737574062,
      0.08551168672465852,
      0.04828915219838055,
      0.07990171551305496
    ],
    "spearman_p_values": [
      1.1779404038192068e-06,
      0.00389554761203368,
      3.0205756271089807e-07,
      3.73539092092398e-05,
      5.773577533383312e-08
    ],
    "mean_spearman_rank": 0.061751578058763926,
    "std_spearman_rank": 0.021978629202421145,
    "mean_spearman_p": 0.0007868878509969567,
    "std_spearman_p": 0.001554395415847413,
    "fold_best_params": [],
    "search_space": null
  },
  "experiment": "tabpfn_SCZ_p0.0001_low_1.0_0.8",
  "config": {
    "construct_gwas_mri": {
      "run": false
    },
    "plink2": {
      "prepare": false
    },
    "sampling": {
      "run": false
    },
    "data": {
      "illness": [
        "SCZ"
      ],
      "p_clump": [
        0.0001
      ],
      "target": "Z",
      "distribution": [
        "low"
      ],
      "test_size": 0.2,
      "n_splits": 10,
      "save_splits": true,
      "polars": true,
      "sampling": false,
      "row_ratio": [
        0.2,
        0.4,
        0.6,
        0.8,
        1.0
      ],
      "col_ratio": [
        0.2,
        0.4,
        0.6,
        0.8,
        1.0
      ],
      "top_rows": true,
      "top_cols": true,
      "mri_p_value": 0.05
    },
    "experiment": {
      "run": false
    },
    "model": {
      "name": "tabpfn",
      "finetune": true,
      "device": "cuda",
      "epochs": 30,
      "learning_rate": "1e-5"
    },
    "hpo": {
      "run": true,
      "outer_cv": 5
    },
    "evaluation": {
      "metrics": [
        "r2",
        "mse",
        "stderr"
      ],
      "binary_threshold": null
    }
  },
  "timestamp": "20260423_023657"
}