{
  "hpo": {
    "r2_scores": [
      -0.005528807640075684,
      0.03076714277267456,
      -0.611321210861206,
      -0.11300015449523926,
      0.19050371646881104
    ],
    "mean_r2": -0.10171586275100708,
    "std_r2": 0.2727713052597706,
    "pearson_r2_scores": [
      0.24111227691173553,
      0.35251373052597046,
      0.09038158506155014,
      0.26372861862182617,
      0.3448869287967682
    ],
    "pearson_p_values": [
      6.6812458499043714e-06,
      1.577097918925574e-08,
      0.008320316672325134,
      1.4266594916989561e-05,
      4.728073690785095e-06
    ],
    "mean_pearson_r2": 0.258524626493454,
    "std_pearson_r2": 0.0947573184967041,
    "mean_pearson_p": 0.0016692017670720816,
    "std_pearson_p": 0.0033255605958402157,
    "spearman_rank_scores": [
      0.24298228277460568,
      0.32925475485769046,
      0.0884727005483634,
      0.25631224296917976,
      0.32680944798835
    ],
    "spearman_p_values": [
      6.077003318691957e-06,
      6.008367933878722e-08,
      0.00906947429861444,
      1.9716400914483383e-05,
      9.56697569126966e-06
    ],
    "mean_spearman_rank": 0.24876628582763788,
    "std_spearman_rank": 0.08758259924097761,
    "mean_spearman_p": 0.0018209789524436446,
    "std_spearman_p": 0.003624253289274424,
    "fold_best_params": [],
    "search_space": null
  },
  "experiment": "linear_regression_SCZ_p0.0001_low_0.2_0.6",
  "config": {
    "construct_gwas_mri": {
      "run": false
    },
    "plink2": {
      "prepare": false
    },
    "sampling": {
      "run": false
    },
    "data": {
      "illness": [
        "SCZ"
      ],
      "p_clump": [
        0.0001
      ],
      "distribution": [
        "low"
      ],
      "target": "Z",
      "test_size": 0.2,
      "n_splits": 10,
      "save_splits": true,
      "polars": true,
      "chunk_size": 10000,
      "row_ratio": [
        0.2,
        0.4,
        0.6,
        0.8,
        1.0
      ],
      "col_ratio": [
        0.2,
        0.4,
        0.6,
        0.8,
        1.0
      ],
      "top_rows": true,
      "top_cols": true,
      "mri_p_value": 0.05
    },
    "experiment": {
      "run": false
    },
    "model": {
      "name": "linear_regression"
    },
    "hpo": {
      "run": true,
      "outer_cv": 5
    },
    "evaluation": {
      "metrics": [
        "r2",
        "mse",
        "pearson_r2"
      ],
      "binary_threshold": null
    }
  },
  "timestamp": "20260422_105450"
}