{
  "hpo": {
    "r2_scores": [
      -9.850171089172363,
      -11.2962007522583,
      -21.719745635986328,
      -16.76103401184082,
      -16.36184310913086
    ],
    "mean_r2": -15.197798919677734,
    "std_r2": 4.246270916282766,
    "pearson_r2_scores": [
      0.05557410791516304,
      0.03337698057293892,
      0.018659556284546852,
      0.00023817908368073404,
      0.005859794095158577
    ],
    "pearson_p_values": [
      0.00012448405323084444,
      0.002782263094559312,
      0.021297099068760872,
      0.8051382303237915,
      0.21685031056404114
    ],
    "mean_pearson_r2": 0.02274172380566597,
    "std_pearson_r2": 0.019995735958218575,
    "mean_pearson_p": 0.20923848450183868,
    "std_pearson_p": 0.3088136315345764,
    "spearman_rank_scores": [
      0.05290872049589174,
      0.041007178322743004,
      0.004957636535524187,
      4.7719805989589e-05,
      0.00815209711425184
    ],
    "spearman_p_values": [
      0.00018302479199005503,
      0.0008949052058310852,
      0.23688290194420072,
      0.9120757595388544,
      0.14499359118380628
    ],
    "mean_spearman_rank": 0.021414670454880068,
    "std_spearman_rank": 0.02134955713643031,
    "mean_spearman_p": 0.2590060365329365,
    "std_spearman_p": 0.338703127061785,
    "fold_best_params": [],
    "search_space": null
  },
  "experiment": "linear_regression_SCZ_p0.0001_low_0.8_1.0",
  "config": {
    "construct_gwas_mri": {
      "run": false
    },
    "plink2": {
      "prepare": false
    },
    "sampling": {
      "run": false
    },
    "data": {
      "illness": [
        "SCZ"
      ],
      "p_clump": [
        0.0001
      ],
      "distribution": [
        "low"
      ],
      "target": "Z",
      "test_size": 0.2,
      "n_splits": 10,
      "save_splits": true,
      "polars": true,
      "chunk_size": 10000,
      "row_ratio": [
        0.2,
        0.4,
        0.6,
        0.8,
        1.0
      ],
      "col_ratio": [
        0.2,
        0.4,
        0.6,
        0.8,
        1.0
      ],
      "top_rows": true,
      "top_cols": true,
      "mri_p_value": 0.05
    },
    "experiment": {
      "run": false
    },
    "model": {
      "name": "linear_regression"
    },
    "hpo": {
      "run": true,
      "outer_cv": 5
    },
    "evaluation": {
      "metrics": [
        "r2",
        "mse",
        "pearson_r2"
      ],
      "binary_threshold": null
    }
  },
  "timestamp": "20260422_105537"
}