{
  "hpo": {
    "r2_scores": [
      0.3340812921524048,
      0.24398142099380493,
      0.15982764959335327,
      0.20503485202789307,
      0.22043180465698242
    ],
    "mean_r2": 0.2326714038848877,
    "std_r2": 0.057674398570811004,
    "pearson_r2_scores": [
      0.3347090482711792,
      0.24887685477733612,
      0.17271491885185242,
      0.22037450969219208,
      0.22233876585960388
    ],
    "pearson_p_values": [
      4.407977982623379e-08,
      4.501359399000648e-06,
      0.00018895472749136388,
      9.108751692110673e-05,
      0.0004178251256234944
    ],
    "mean_pearson_r2": 0.23980280756950378,
    "std_pearson_r2": 0.05342802032828331,
    "mean_pearson_p": 0.000140482559800148,
    "std_pearson_p": 0.00015486909251194447,
    "spearman_rank_scores": [
      0.194057412717153,
      0.249303288545106,
      0.08759657797323733,
      0.09966972797501643,
      0.1366593988999651
    ],
    "spearman_p_values": [
      6.822683873591234e-05,
      4.404336385084652e-06,
      0.009435528833971791,
      0.011046758489612785,
      0.006991711851627315
    ],
    "mean_spearman_rank": 0.15345728122209557,
    "std_spearman_rank": 0.060576777339881996,
    "mean_spearman_p": 0.005509326070066578,
    "std_spearman_p": 0.004651567858020729,
    "fold_best_params": [],
    "search_space": null
  },
  "experiment": "tabpfn_SCZ_p0.0001_low_0.2_0.8",
  "config": {
    "construct_gwas_mri": {
      "run": false
    },
    "plink2": {
      "prepare": false
    },
    "sampling": {
      "run": false
    },
    "data": {
      "illness": [
        "SCZ"
      ],
      "p_clump": [
        0.0001
      ],
      "target": "Z",
      "distribution": [
        "low"
      ],
      "test_size": 0.2,
      "n_splits": 10,
      "save_splits": true,
      "polars": true,
      "sampling": false,
      "row_ratio": [
        0.2,
        0.4,
        0.6,
        0.8,
        1.0
      ],
      "col_ratio": [
        0.2,
        0.4,
        0.6,
        0.8,
        1.0
      ],
      "top_rows": true,
      "top_cols": true,
      "mri_p_value": 0.05
    },
    "experiment": {
      "run": false
    },
    "model": {
      "name": "tabpfn",
      "finetune": true,
      "device": "cuda",
      "epochs": 30,
      "learning_rate": "1e-5"
    },
    "hpo": {
      "run": true,
      "outer_cv": 5
    },
    "evaluation": {
      "metrics": [
        "r2",
        "mse",
        "stderr"
      ],
      "binary_threshold": null
    }
  },
  "timestamp": "20260423_014513"
}