{
  "hpo": {
    "r2_scores": [
      0.11091768741607666,
      0.11626720428466797,
      0.24234139919281006,
      0.20275717973709106,
      0.22736990451812744
    ],
    "mean_r2": 0.17993067502975463,
    "std_r2": 0.05564612883002324,
    "pearson_r2_scores": [
      0.11258003115653992,
      0.1223030611872673,
      0.2605733871459961,
      0.20557978749275208,
      0.23287154734134674
    ],
    "pearson_p_values": [
      6.519140151795e-05,
      9.031045192386955e-05,
      1.5949674914139678e-10,
      1.1511763986504775e-08,
      2.692929212955164e-09
    ],
    "mean_pearson_r2": 0.18678155541419983,
    "std_pearson_r2": 0.05930638685822487,
    "mean_pearson_p": 3.1103241781238467e-05,
    "std_pearson_p": 3.8907164707779884e-05,
    "spearman_rank_scores": [
      0.042257989848001054,
      0.07107284199834447,
      0.22111074000404632,
      0.09428210276002143,
      0.18374766713962118
    ],
    "spearman_p_values": [
      0.016355688245003067,
      0.003247385800117961,
      5.914973261780154e-09,
      0.0001815634242342577,
      1.9253506645686858e-07
    ],
    "mean_spearman_rank": 0.1224942683500069,
    "std_spearman_rank": 0.06834491511142453,
    "mean_spearman_p": 0.003956967183879,
    "std_spearman_p": 0.006321377561025557,
    "fold_best_params": [],
    "search_space": null
  },
  "experiment": "tabpfn_SCZ_p0.0001_low_0.4_1.0",
  "config": {
    "construct_gwas_mri": {
      "run": false
    },
    "plink2": {
      "prepare": false
    },
    "sampling": {
      "run": false
    },
    "data": {
      "illness": [
        "SCZ"
      ],
      "p_clump": [
        0.0001
      ],
      "target": "Z",
      "distribution": [
        "low"
      ],
      "test_size": 0.2,
      "n_splits": 10,
      "save_splits": true,
      "polars": true,
      "sampling": false,
      "row_ratio": [
        0.2,
        0.4,
        0.6,
        0.8,
        1.0
      ],
      "col_ratio": [
        0.2,
        0.4,
        0.6,
        0.8,
        1.0
      ],
      "top_rows": true,
      "top_cols": true,
      "mri_p_value": 0.05
    },
    "experiment": {
      "run": false
    },
    "model": {
      "name": "tabpfn",
      "finetune": true,
      "device": "cuda",
      "epochs": 30,
      "learning_rate": "1e-5"
    },
    "hpo": {
      "run": true,
      "outer_cv": 5
    },
    "evaluation": {
      "metrics": [
        "r2",
        "mse",
        "stderr"
      ],
      "binary_threshold": null
    }
  },
  "timestamp": "20260423_015521"
}