{
  "hpo": {
    "r2_scores": [
      0.09003323316574097,
      0.08676022291183472,
      0.1299593448638916,
      0.07497525215148926,
      0.07149946689605713
    ],
    "mean_r2": 0.09064550399780273,
    "std_r2": 0.020847905880261662,
    "pearson_r2_scores": [
      0.09411000460386276,
      0.08695964515209198,
      0.1301286667585373,
      0.07772519439458847,
      0.07836223393678665
    ],
    "pearson_p_values": [
      1.1513165532051062e-08,
      7.680512936758532e-08,
      1.587770193101079e-10,
      1.349726233002002e-07,
      7.832877457758514e-08
    ],
    "mean_pearson_r2": 0.09345714747905731,
    "std_pearson_r2": 0.01930178701877594,
    "mean_pearson_p": 6.035569555251641e-08,
    "std_pearson_p": 4.933672670404121e-08,
    "spearman_rank_scores": [
      0.06419344697886603,
      0.0487378021878701,
      0.06246959481953507,
      0.025254666335602832,
      0.08351914404970555
    ],
    "spearman_p_values": [
      2.9307336956687834e-06,
      6.805450085092984e-05,
      1.354089109583271e-05,
      0.0030347853423601835,
      2.815726831907406e-08
    ],
    "mean_spearman_rank": 0.05683493087431592,
    "std_spearman_rank": 0.019291557900418914,
    "mean_spearman_p": 0.0006238679250541869,
    "std_spearman_p": 0.0012057105370243471,
    "fold_best_params": [],
    "search_space": null
  },
  "experiment": "tabpfn_SCZ_p0.0001_low_1.0_0.4",
  "config": {
    "construct_gwas_mri": {
      "run": false
    },
    "plink2": {
      "prepare": false
    },
    "sampling": {
      "run": false
    },
    "data": {
      "illness": [
        "SCZ"
      ],
      "p_clump": [
        0.0001
      ],
      "target": "Z",
      "distribution": [
        "low"
      ],
      "test_size": 0.2,
      "n_splits": 10,
      "save_splits": true,
      "polars": true,
      "sampling": false,
      "row_ratio": [
        0.2,
        0.4,
        0.6,
        0.8,
        1.0
      ],
      "col_ratio": [
        0.2,
        0.4,
        0.6,
        0.8,
        1.0
      ],
      "top_rows": true,
      "top_cols": true,
      "mri_p_value": 0.05
    },
    "experiment": {
      "run": false
    },
    "model": {
      "name": "tabpfn",
      "finetune": true,
      "device": "cuda",
      "epochs": 30,
      "learning_rate": "1e-5"
    },
    "hpo": {
      "run": true,
      "outer_cv": 5
    },
    "evaluation": {
      "metrics": [
        "r2",
        "mse",
        "stderr"
      ],
      "binary_threshold": null
    }
  },
  "timestamp": "20260423_022823"
}