{
  "hpo": {
    "r2_scores": [
      0.036730825901031494,
      0.07268756628036499,
      0.17515653371810913,
      0.06743431091308594,
      0.1104508638381958
    ],
    "mean_r2": 0.09249202013015748,
    "std_r2": 0.047508647295869365,
    "pearson_r2_scores": [
      0.038740530610084534,
      0.08186108618974686,
      0.1785573810338974,
      0.07284705340862274,
      0.11200626939535141
    ],
    "pearson_p_values": [
      0.0014242425095289946,
      2.0960021629434777e-06,
      9.980724065142624e-14,
      1.1022617400158197e-05,
      2.82113248317728e-08
    ],
    "mean_pearson_r2": 0.09680246561765671,
    "std_pearson_r2": 0.04708145186305046,
    "mean_pearson_p": 0.0002874778874684125,
    "std_pearson_p": 0.0005683968774974346,
    "spearman_rank_scores": [
      0.028576703296680363,
      0.07508188820792217,
      0.07929002268977695,
      0.029238651686784634,
      0.07634925471502223
    ],
    "spearman_p_values": [
      0.006288424573572827,
      5.759565888306077e-06,
      1.4187445986984772e-06,
      0.005895671966467178,
      5.62977898583538e-06
    ],
    "mean_spearman_rank": 0.05770730411923727,
    "std_spearman_rank": 0.023555331926205295,
    "mean_spearman_p": 0.0024393809259025687,
    "std_spearman_p": 0.0029849757762923992,
    "fold_best_params": [],
    "search_space": null
  },
  "experiment": "tabpfn_SCZ_p0.0001_low_0.8_0.4",
  "config": {
    "construct_gwas_mri": {
      "run": false
    },
    "plink2": {
      "prepare": false
    },
    "sampling": {
      "run": false
    },
    "data": {
      "illness": [
        "SCZ"
      ],
      "p_clump": [
        0.0001
      ],
      "target": "Z",
      "distribution": [
        "low"
      ],
      "test_size": 0.2,
      "n_splits": 10,
      "save_splits": true,
      "polars": true,
      "sampling": false,
      "row_ratio": [
        0.2,
        0.4,
        0.6,
        0.8,
        1.0
      ],
      "col_ratio": [
        0.2,
        0.4,
        0.6,
        0.8,
        1.0
      ],
      "top_rows": true,
      "top_cols": true,
      "mri_p_value": 0.05
    },
    "experiment": {
      "run": false
    },
    "model": {
      "name": "tabpfn",
      "finetune": true,
      "device": "cuda",
      "epochs": 30,
      "learning_rate": "1e-5"
    },
    "hpo": {
      "run": true,
      "outer_cv": 5
    },
    "evaluation": {
      "metrics": [
        "r2",
        "mse",
        "stderr"
      ],
      "binary_threshold": null
    }
  },
  "timestamp": "20260423_021213"
}