{
  "hpo": {
    "r2_scores": [
      -0.652639627456665,
      -0.3998914957046509,
      -0.6716616153717041,
      -0.4250982999801636,
      -0.7216317653656006
    ],
    "mean_r2": -0.5741845607757569,
    "std_r2": 0.1341658954368499,
    "pearson_r2_scores": [
      0.05500979349017143,
      0.08054898679256439,
      0.06055852398276329,
      0.059010494500398636,
      0.00541100325062871
    ],
    "pearson_p_values": [
      0.0004248441255185753,
      4.649033144232817e-05,
      0.0003396996471565217,
      0.0005283662467263639,
      0.29815438389778137
    ],
    "mean_pearson_r2": 0.052107762545347214,
    "std_pearson_r2": 0.02496788091957569,
    "mean_pearson_p": 0.05989875644445419,
    "std_pearson_p": 0.11912791430950165,
    "spearman_rank_scores": [
      0.04981487953046647,
      0.05982359044838269,
      0.04028995189913895,
      0.05988891506432266,
      0.005174415762190891
    ],
    "spearman_p_values": [
      0.0008108428010957269,
      0.0004821335655043044,
      0.0036482421125954715,
      0.0004785996588974481,
      0.30899179505506635
    ],
    "mean_spearman_rank": 0.04299835054090033,
    "std_spearman_rank": 0.020262430262318415,
    "mean_spearman_p": 0.06288232263863186,
    "std_spearman_p": 0.12306049370628727,
    "fold_best_params": [],
    "search_space": null
  },
  "experiment": "linear_regression_SCZ_p0.0001_low_0.6_0.4",
  "config": {
    "construct_gwas_mri": {
      "run": false
    },
    "plink2": {
      "prepare": false
    },
    "sampling": {
      "run": false
    },
    "data": {
      "illness": [
        "SCZ"
      ],
      "p_clump": [
        0.0001
      ],
      "distribution": [
        "low"
      ],
      "target": "Z",
      "test_size": 0.2,
      "n_splits": 10,
      "save_splits": true,
      "polars": true,
      "chunk_size": 10000,
      "row_ratio": [
        0.2,
        0.4,
        0.6,
        0.8,
        1.0
      ],
      "col_ratio": [
        0.2,
        0.4,
        0.6,
        0.8,
        1.0
      ],
      "top_rows": true,
      "top_cols": true,
      "mri_p_value": 0.05
    },
    "experiment": {
      "run": false
    },
    "model": {
      "name": "linear_regression"
    },
    "hpo": {
      "run": true,
      "outer_cv": 5
    },
    "evaluation": {
      "metrics": [
        "r2",
        "mse",
        "pearson_r2"
      ],
      "binary_threshold": null
    }
  },
  "timestamp": "20260422_105514"
}