{
  "hpo": {
    "r2_scores": [
      0.3453623652458191,
      0.3311033844947815,
      0.2044057846069336,
      0.20606249570846558,
      0.13698261976242065
    ],
    "mean_r2": 0.24478332996368407,
    "std_r2": 0.08039643828788674,
    "pearson_r2_scores": [
      0.34587880969047546,
      0.35095909237861633,
      0.21042346954345703,
      0.2104456126689911,
      0.1440339982509613
    ],
    "pearson_p_values": [
      2.3202170851277515e-08,
      1.7269943697328927e-08,
      3.0801202228758484e-05,
      0.00013762111484538764,
      0.005522479303181171
    ],
    "mean_pearson_r2": 0.2523482143878937,
    "std_pearson_r2": 0.08211889117956161,
    "mean_pearson_p": 0.001138188410550356,
    "std_pearson_p": 0.0021927289199084044,
    "spearman_rank_scores": [
      0.22621954700334385,
      0.3107891022529293,
      0.13877280039096065,
      0.10693858263226391,
      0.10675313503573897
    ],
    "spearman_p_values": [
      1.4115140555255551e-05,
      1.6856754216919296e-07,
      0.0009200813587292094,
      0.008351954484847672,
      0.01807377375518476
    ],
    "mean_spearman_rank": 0.1778946334630473,
    "std_spearman_rank": 0.07952688711942105,
    "mean_spearman_p": 0.005472018661371814,
    "std_spearman_p": 0.007036309391873763,
    "fold_best_params": [],
    "search_space": null
  },
  "experiment": "tabpfn_SCZ_p0.0001_low_0.2_0.6",
  "config": {
    "construct_gwas_mri": {
      "run": false
    },
    "plink2": {
      "prepare": false
    },
    "sampling": {
      "run": false
    },
    "data": {
      "illness": [
        "SCZ"
      ],
      "p_clump": [
        0.0001
      ],
      "target": "Z",
      "distribution": [
        "low"
      ],
      "test_size": 0.2,
      "n_splits": 10,
      "save_splits": true,
      "polars": true,
      "sampling": false,
      "row_ratio": [
        0.2,
        0.4,
        0.6,
        0.8,
        1.0
      ],
      "col_ratio": [
        0.2,
        0.4,
        0.6,
        0.8,
        1.0
      ],
      "top_rows": true,
      "top_cols": true,
      "mri_p_value": 0.05
    },
    "experiment": {
      "run": false
    },
    "model": {
      "name": "tabpfn",
      "finetune": true,
      "device": "cuda",
      "epochs": 30,
      "learning_rate": "1e-5"
    },
    "hpo": {
      "run": true,
      "outer_cv": 5
    },
    "evaluation": {
      "metrics": [
        "r2",
        "mse",
        "stderr"
      ],
      "binary_threshold": null
    }
  },
  "timestamp": "20260423_014347"
}